type,seq,timestamp,taget_seq,taget,mac,rssi,rate,sig_mode,mcs,cwb,smoothing,not_sounding,aggregation,stbc,fec_coding,sgi,noise_floor,ampdu_cnt,channel_primary,channel_secondary,local_timestamp,ant,sig_len,rx_state,len,first_word_invalid,data
CSI_DATA,42233,2023-11-13 21:23:23.686,1,stand,d4:da:21:98:07:d9,-29,11,0,0,0,0,0,0,0,0,0,-99,0,12,2,519576842,0,37,0,104,0,"[11, -13, 9, -10, 8, -8, 7, -4, 6, 0, 7, 4, 8, 7, 10, 9, 12, 11, 14, 12, 16, 13, 17, 12, 17, 10, 17, 9, 14, 7, 12, 7, 9, 7, 7, 8, 4, 9, 2, 12, 0, 14, -1, 17, -1, 19, -2, 21, -1, 22, 0, 21, 1, 15, 1, 12, -1, 8, -3, 4, -5, 2, -7, 0, -10, -1, -12, -1, -13, 0, -14, 1, -14, 2, -13, 4, -10, 5, -8, 6, -5, 6, -3, 5, 0, 4, 1, 2, 3, 0, 3, -3, 3, -4, 2, -6, 1, -7, 0, -7, -2, -6, -3, -5]"
CSI_DATA,42234,2023-11-13 21:23:23.692,1,stand,d4:da:21:98:07:d9,-29,11,0,0,0,0,0,0,0,0,0,-99,0,12,2,519584826,0,37,0,104,0,"[17, -17, 14, -14, 12, -10, 10, -5, 9, 2, 10, 7, 11, 12, 13, 15, 16, 18, 19, 20, 22, 22, 23, 20, 22, 17, 23, 16, 20, 13, 17, 13, 13, 12, 8, 12, 4, 14, 0, 17, -2, 20, -5, 25, -5, 27, -7, 31, -6, 32, -4, 30, -2, 23, -2, 17, -3, 12, -5, 6, -7, 2, -11, -1, -14, -3, -16, -4, -19, -3, -21, -2, -21, 0, -19, 2, -16, 5, -14, 6, -9, 7, -5, 6, -1, 5, 2, 3, 4, 1, 6, -2, 6, -5, 5, -7, 4, -9, 2, -9, 0, -9, -3, -8]"
CSI_DATA,42235,2023-11-13 21:23:23.717,1,stand,d4:da:21:98:07:d9,-29,11,0,0,0,0,0,0,0,0,0,-99,0,12,2,519608056,0,37,0,104,0,"[-2, 20, -2, 16, -3, 12, -5, 8, -7, 3, -11, 0, -14, -3, -17, -4, -21, -5, -24, -5, -27, -4, -27, -3, -25, 0, -25, 0, -21, 0, -19, -1, -15, -2, -12, -5, -10, -9, -9, -13, -8, -16, -8, -20, -9, -22, -10, -26, -11, -26, -11, -24, -9, -18, -7, -14, -4, -10, 0, -7, 4, -4, 8, -3, 11, -3, 13, -3, 15, -5, 16, -7, 16, -8, 13, -9, 10, -10, 8, -10, 4, -9, 1, -7, -2, -5, -4, -2, -5, 0, -5, 3, -5, 5, -4, 7, -2, 8, 0, 8, 2, 7, 3, 6]"
CSI_DATA,42236,2023-11-13 21:23:23.737,1,stand,d4:da:21:98:07:d9,-29,11,0,0,0,0,0,0,0,0,0,-99,0,12,2,519629076,0,37,0,104,0,"[9, -18, 7, -14, 7, -10, 6, -5, 7, 0, 8, 4, 10, 8, 12, 10, 15, 13, 18, 14, 20, 15, 21, 14, 20, 11, 20, 10, 17, 8, 15, 8, 11, 8, 7, 9, 4, 11, 1, 14, -2, 16, -4, 20, -4, 22, -6, 25, -5, 26, -4, 24, -2, 18, -2, 14, -3, 9, -4, 4, -6, 0, -9, -3, -11, -5, -13, -6, -16, -6, -17, -5, -18, -4, -16, -1, -14, 1, -12, 2, -9, 3, -6, 4, -2, 3, 1, 2, 4, 1, 5, -1, 6, -3, 6, -5, 6, -6, 4, -7, 2, -8, 1, -7]"
CSI_DATA,42237,2023-11-13 21:23:23.757,1,stand,d4:da:21:98:07:d9,-29,11,0,0,0,0,0,0,0,0,0,-99,0,12,2,519649004,0,37,0,104,0,"[-19, -13, -16, -11, -11, -9, -6, -9, 0, -8, 6, -10, 10, -12, 13, -14, 16, -17, 17, -20, 19, -23, 17, -24, 14, -23, 13, -23, 11, -20, 11, -17, 10, -13, 11, -8, 13, -4, 16, 0, 19, 2, 22, 5, 25, 6, 28, 7, 29, 7, 28, 5, 21, 3, 16, 3, 10, 2, 4, 3, 0, 6, -4, 8, -7, 11, -8, 14, -8, 16, -7, 18, -6, 19, -3, 18, 0, 15, 1, 14, 3, 10, 4, 6, 4, 2, 3, -2, 1, -5, -1, -7, -3, -8, -5, -8, -6, -8, -7, -6, -8, -5, -8, -2]"
CSI_DATA,42238,2023-11-13 21:23:23.799,1,stand,d4:da:21:98:07:d9,-29,11,0,0,0,0,0,0,0,0,0,-99,0,12,2,519691449,0,37,0,104,0,"[22, 9, 17, 7, 12, 6, 7, 5, 0, 7, -5, 8, -10, 11, -13, 14, -16, 18, -18, 21, -19, 24, -17, 26, -14, 25, -13, 25, -10, 22, -11, 20, -10, 15, -11, 10, -13, 6, -16, 2, -19, -1, -24, -4, -27, -5, -30, -7, -31, -7, -30, -6, -23, -4, -18, -3, -12, -4, -6, -5, -1, -7, 2, -9, 5, -12, 6, -15, 7, -18, 6, -20, 5, -20, 2, -19, -1, -17, -3, -15, -4, -11, -5, -7, -5, -3, -4, 1, -3, 4, -1, 6, 1, 8, 3, 8, 5, 8, 6, 6, 7, 4, 7, 2]"
CSI_DATA,42239,2023-11-13 21:23:23.809,1,stand,d4:da:21:98:07:d9,-29,11,0,0,0,0,0,0,0,0,0,-99,0,12,2,519700878,0,37,0,104,0,"[-11, -19, -9, -15, -6, -11, -2, -8, 3, -5, 8, -3, 13, -3, 16, -3, 20, -4, 23, -5, 26, -6, 26, -8, 23, -9, 23, -10, 19, -10, 17, -8, 15, -5, 12, -2, 11, 2, 11, 7, 11, 11, 12, 15, 13, 17, 14, 21, 15, 21, 15, 20, 12, 15, 9, 12, 5, 8, 0, 5, -4, 4, -8, 3, -11, 3, -13, 4, -15, 6, -16, 7, -16, 9, -14, 9, -10, 9, -8, 10, -5, 8, -2, 6, 1, 4, 2, 1, 4, -2, 4, -4, 3, -6, 3, -8, 1, -9, 0, -9, -2, -8, -4, -7]"
CSI_DATA,42240,2023-11-13 21:23:23.822,1,stand,d4:da:21:98:07:d9,-29,11,0,0,0,0,0,0,0,0,0,-99,0,12,2,519712839,0,37,0,104,0,"[-23, -4, -18, -3, -13, -4, -8, -5, -2, -7, 3, -10, 7, -13, 9, -17, 11, -21, 12, -24, 12, -28, 11, -29, 8, -27, 6, -27, 4, -24, 5, -21, 5, -16, 7, -13, 10, -8, 14, -6, 17, -3, 22, -1, 25, 0, 29, 1, 29, 0, 28, -1, 21, -1, 17, -1, 11, 0, 6, 3, 2, 6, -1, 9, -3, 12, -4, 14, -4, 17, -3, 19, -2, 19, 0, 17, 2, 15, 4, 13, 5, 9, 5, 5, 4, 1, 3, -2, 1, -5, -2, -7, -4, -8, -6, -8, -7, -7, -8, -6, -8, -4, -8, -1]"
CSI_DATA,42241,2023-11-13 21:23:23.837,1,stand,d4:da:21:98:07:d9,-29,11,0,0,0,0,0,0,0,0,0,-99,0,12,2,519727344,0,37,0,104,0,"[12, -22, 9, -17, 8, -12, 6, -6, 6, 1, 8, 7, 10, 13, 12, 16, 16, 20, 19, 22, 23, 23, 24, 22, 24, 18, 24, 17, 21, 14, 18, 14, 14, 12, 8, 12, 3, 14, -2, 16, -6, 19, -10, 22, -11, 25, -14, 29, -14, 30, -13, 29, -9, 22, -8, 17, -7, 10, -7, 4, -8, -1, -10, -6, -12, -9, -14, -11, -17, -12, -19, -12, -20, -11, -20, -8, -18, -5, -16, -3, -12, 0, -9, 1, -5, 3, -1, 3, 3, 2, 6, 1, 8, 0, 9, -2, 9, -4, 8, -6, 7, -7, 4, -8]"
CSI_DATA,42242,2023-11-13 21:23:23.871,1,stand,d4:da:21:98:07:d9,-29,11,0,0,0,0,0,0,0,0,0,-99,0,12,2,519760847,0,37,0,104,0,"[20, 11, 15, 9, 11, 7, 5, 6, -1, 7, -7, 7, -11, 10, -15, 12, -18, 16, -20, 19, -21, 22, -20, 24, -17, 23, -16, 24, -13, 20, -13, 18, -12, 14, -13, 10, -14, 5, -17, 1, -20, -3, -23, -6, -26, -7, -29, -8, -30, -8, -29, -7, -22, -6, -17, -5, -11, -5, -6, -6, -1, -8, 3, -10, 6, -13, 7, -16, 7, -18, 6, -21, 4, -22, 2, -20, -1, -18, -2, -16, -4, -12, -5, -8, -5, -4, -4, 0, -3, 3, -1, 6, 1, 7, 4, 8, 6, 8, 7, 6, 8, 4, 8, 2]"
CSI_DATA,42243,2023-11-13 21:23:23.877,1,stand,d4:da:21:98:07:d9,-29,11,0,0,0,0,0,0,0,0,0,-99,0,12,2,519768979,0,37,0,104,0,"[-4, -20, -3, -16, -2, -12, 0, -8, 4, -4, 8, -1, 11, 1, 15, 2, 19, 2, 22, 1, 25, 0, 25, -1, 23, -3, 23, -4, 20, -4, 18, -2, 15, -1, 12, 2, 11, 6, 9, 9, 9, 13, 8, 17, 9, 19, 10, 22, 10, 22, 10, 21, 8, 16, 5, 12, 2, 9, -1, 5, -5, 4, -9, 3, -12, 2, -14, 3, -16, 4, -17, 6, -17, 7, -14, 9, -12, 9, -10, 9, -6, 8, -3, 7, 0, 4, 2, 2, 3, -1, 4, -3, 3, -6, 3, -8, 1, -9, 0, -9, -2, -9, -4, -7]"
CSI_DATA,42244,2023-11-13 21:23:23.886,1,stand,d4:da:21:98:07:d9,-29,11,0,0,0,0,0,0,0,0,0,-99,0,12,2,519785126,0,37,0,104,0,"[-10, -18, -8, -14, -5, -11, -2, -8, 2, -5, 7, -4, 12, -3, 15, -4, 19, -5, 22, -6, 25, -8, 24, -9, 22, -11, 21, -12, 18, -11, 17, -9, 15, -7, 13, -3, 13, 1, 13, 5, 13, 8, 15, 12, 16, 14, 17, 17, 18, 17, 17, 16, 13, 11, 9, 9, 5, 7, 1, 5, -3, 5, -7, 6, -10, 7, -12, 8, -13, 10, -13, 12, -12, 13, -10, 13, -7, 12, -5, 12, -2, 10, 0, 7, 2, 4, 3, 1, 3, -2, 2, -5, 1, -7, 0, -8, -2, -9, -4, -8, -5, -7, -6, -5]"
CSI_DATA,42245,2023-11-13 21:23:23.895,1,stand,d4:da:21:98:07:d9,-29,11,0,0,0,0,0,0,0,0,0,-99,0,12,2,519792834,0,37,0,104,0,"[-5, -20, -5, -16, -3, -12, 0, -8, 4, -4, 8, -2, 12, 0, 16, 0, 19, 0, 22, -1, 26, -2, 26, -3, 24, -5, 24, -6, 20, -6, 19, -4, 16, -3, 14, 1, 12, 4, 11, 8, 11, 11, 11, 16, 12, 18, 13, 21, 13, 21, 13, 20, 9, 15, 6, 11, 3, 8, -1, 5, -5, 4, -9, 4, -12, 4, -14, 5, -15, 7, -16, 8, -15, 10, -13, 10, -10, 11, -8, 11, -4, 9, -2, 7, 1, 4, 2, 1, 3, -2, 3, -4, 3, -6, 2, -8, 0, -9, -2, -9, -3, -8, -5, -6]"
CSI_DATA,42246,2023-11-13 21:23:23.927,1,stand,d4:da:21:98:07:d9,-29,11,0,0,0,0,0,0,0,0,0,-99,0,12,2,519824854,0,37,0,104,0,"[10, -18, 8, -15, 7, -11, 6, -7, 6, -2, 7, 3, 9, 7, 11, 10, 15, 12, 18, 14, 21, 15, 23, 14, 22, 11, 23, 10, 20, 8, 19, 8, 15, 8, 12, 9, 8, 11, 5, 14, 3, 16, 1, 20, 1, 22, 0, 25, 0, 26, 0, 24, 0, 18, 0, 14, -2, 9, -4, 5, -7, 2, -9, 0, -12, -1, -14, -1, -17, 0, -18, 1, -18, 2, -16, 4, -13, 5, -11, 7, -7, 6, -4, 6, -1, 4, 2, 2, 4, 0, 4, -2, 5, -4, 4, -7, 3, -8, 1, -8, -1, -8, -3, -7]"
CSI_DATA,42247,2023-11-13 21:23:23.949,1,stand,d4:da:21:98:07:d9,-29,11,0,0,0,0,0,0,0,0,0,-99,0,12,2,519845313,0,37,0,104,0,"[-10, 21, -8, 18, -7, 13, -6, 8, -7, 2, -9, -3, -11, -8, -15, -11, -18, -14, -22, -15, -26, -16, -28, -15, -28, -12, -29, -11, -25, -9, -23, -9, -19, -9, -15, -10, -11, -12, -7, -16, -5, -19, -2, -23, -2, -26, -1, -30, 0, -30, -1, -29, -1, -23, 0, -18, 1, -13, 3, -8, 6, -4, 9, -1, 12, 1, 15, 1, 17, 1, 19, 0, 19, -2, 17, -4, 14, -6, 12, -7, 8, -7, 4, -7, 0, -6, -3, -4, -5, -1, -6, 1, -7, 3, -7, 5, -5, 7, -3, 8, -1, 8, 1, 7]"
CSI_DATA,42248,2023-11-13 21:23:23.959,1,stand,d4:da:21:98:07:d9,-29,11,0,0,0,0,0,0,0,0,0,-99,0,12,2,519856857,0,37,0,104,0,"[-13, -18, -10, -14, -8, -12, -4, -8, 1, -6, 5, -5, 11, -5, 14, -5, 18, -7, 21, -9, 24, -12, 24, -14, 21, -15, 21, -16, 17, -14, 17, -13, 14, -10, 13, -7, 12, -3, 14, 2, 14, 6, 16, 10, 18, 12, 20, 15, 21, 15, 20, 14, 15, 11, 12, 9, 7, 7, 3, 6, -1, 6, -5, 6, -8, 7, -10, 9, -11, 11, -11, 13, -10, 14, -8, 14, -5, 12, -3, 11, -1, 9, 1, 6, 3, 3, 3, 0, 3, -3, 2, -5, 1, -7, -1, -8, -3, -8, -4, -7, -6, -6, -6, -4]"
CSI_DATA,42249,2023-11-13 21:23:23.959,1,stand,d4:da:21:98:07:d9,-29,11,0,0,0,0,0,0,0,0,0,-99,0,12,2,519864836,0,37,0,104,0,"[-16, -13, -14, -10, -10, -8, -6, -7, -1, -6, 4, -6, 9, -8, 12, -10, 15, -12, 17, -15, 19, -18, 18, -20, 15, -20, 14, -21, 12, -19, 11, -17, 10, -14, 10, -10, 11, -6, 13, -2, 15, 1, 18, 4, 20, 5, 23, 8, 24, 8, 23, 7, 18, 5, 14, 4, 9, 4, 4, 4, 1, 6, -3, 7, -5, 9, -6, 11, -7, 13, -6, 15, -5, 16, -3, 15, -1, 13, 1, 12, 2, 8, 3, 5, 4, 2, 3, -1, 2, -4, 0, -6, -1, -7, -3, -7, -5, -7, -6, -6, -7, -4, -7, -2]"
CSI_DATA,42250,2023-11-13 21:23:23.991,1,stand,d4:da:21:98:07:d9,-29,11,0,0,0,0,0,0,0,0,0,-99,0,12,2,519897045,0,37,0,104,0,"[-15, -14, -12, -11, -9, -9, -5, -7, 1, -6, 5, -6, 10, -7, 13, -8, 17, -10, 19, -12, 21, -15, 21, -16, 18, -17, 17, -17, 14, -16, 14, -13, 12, -10, 11, -6, 11, -2, 12, 2, 14, 6, 16, 10, 18, 11, 21, 14, 21, 15, 21, 14, 16, 10, 12, 8, 8, 6, 2, 5, -2, 5, -6, 6, -9, 6, -11, 8, -12, 10, -13, 11, -12, 13, -10, 13, -7, 12, -5, 12, -2, 9, 0, 7, 2, 4, 3, 1, 3, -2, 3, -5, 2, -7, 1, -8, -1, -9, -2, -8, -4, -7, -5, -6]"
CSI_DATA,42251,2023-11-13 21:23:24.011,1,stand,d4:da:21:98:07:d9,-29,11,0,0,0,0,0,0,0,0,0,-99,0,12,2,519904833,0,37,0,104,0,"[-19, -5, -16, -5, -12, -4, -7, -5, -2, -6, 2, -8, 6, -11, 8, -14, 10, -17, 11, -20, 12, -23, 11, -24, 9, -23, 8, -23, 6, -20, 6, -18, 6, -14, 7, -11, 9, -7, 13, -4, 15, -1, 19, 1, 22, 2, 25, 3, 26, 3, 25, 2, 19, 1, 14, 1, 9, 2, 4, 3, 0, 5, -3, 7, -5, 10, -6, 12, -7, 14, -6, 16, -5, 17, -3, 16, 0, 14, 1, 13, 3, 9, 4, 6, 4, 2, 3, -1, 2, -4, 1, -6, -1, -7, -3, -8, -4, -8, -6, -7, -7, -5, -7, -4]"
CSI_DATA,42252,2023-11-13 21:23:24.022,1,stand,d4:da:21:98:07:d9,-29,11,0,0,0,0,0,0,0,0,0,-99,0,12,2,519917795,0,37,0,104,0,"[7, 17, 5, 14, 3, 11, 0, 7, -4, 4, -8, 2, -12, 1, -16, 1, -20, 1, -22, 2, -26, 3, -26, 5, -24, 6, -23, 7, -20, 6, -18, 4, -15, 2, -13, -1, -12, -5, -11, -9, -11, -13, -11, -17, -12, -19, -13, -23, -14, -24, -14, -22, -11, -17, -8, -13, -5, -9, 0, -6, 3, -4, 7, -3, 11, -3, 13, -3, 15, -4, 16, -6, 16, -8, 14, -9, 11, -9, 9, -10, 5, -9, 2, -8, -1, -6, -4, -4, -5, -1, -6, 2, -6, 4, -5, 6, -4, 7, -3, 7, -1, 7, 1, 7]"
CSI_DATA,42253,2023-11-13 21:23:24.022,1,stand,d4:da:21:98:07:d9,-29,11,0,0,0,0,0,0,0,0,0,-99,0,12,2,519929098,0,37,0,104,0,"[18, -4, 15, -3, 11, -2, 7, 0, 3, 4, 0, 7, -2, 11, -3, 15, -3, 19, -3, 22, -3, 25, -2, 25, 0, 23, 1, 23, 1, 19, 0, 18, -2, 14, -4, 11, -8, 9, -12, 7, -15, 6, -19, 5, -22, 6, -26, 5, -26, 5, -25, 6, -18, 4, -15, 3, -9, 1, -5, -2, -2, -6, 0, -9, 1, -12, 2, -15, 1, -17, 0, -18, -1, -19, -3, -17, -5, -14, -6, -12, -7, -9, -6, -5, -6, -2, -4, 1, -3, 4, 0, 6, 2, 6, 4, 7, 5, 6, 6, 4, 7, 3, 7, 1]"
CSI_DATA,42254,2023-11-13 21:23:24.054,1,stand,d4:da:21:98:07:d9,-29,11,0,0,0,0,0,0,0,0,0,-99,0,12,2,519956853,0,37,0,104,0,"[21, 11, 16, 9, 11, 7, 5, 6, -1, 6, -8, 7, -13, 9, -17, 12, -20, 15, -23, 18, -25, 21, -24, 23, -20, 22, -20, 22, -17, 19, -16, 16, -14, 12, -14, 6, -15, 1, -17, -4, -20, -9, -22, -14, -25, -15, -28, -19, -29, -19, -28, -18, -21, -13, -15, -11, -9, -8, -2, -7, 4, -6, 9, -7, 13, -8, 15, -10, 17, -13, 18, -15, 17, -17, 14, -17, 10, -17, 7, -16, 3, -13, 0, -10, -3, -7, -5, -3, -6, 1, -6, 5, -5, 8, -4, 10, -2, 11, 0, 11, 2, 10, 4, 8]"
CSI_DATA,42255,2023-11-13 21:23:24.074,1,stand,d4:da:21:98:07:d9,-29,11,0,0,0,0,0,0,0,0,0,-99,0,12,2,519964845,0,37,0,104,0,"[8, 21, 6, 17, 3, 13, -1, 8, -6, 3, -11, 0, -16, -2, -20, -2, -25, -2, -29, -2, -32, -1, -33, 1, -30, 2, -29, 3, -25, 3, -23, 1, -18, -1, -15, -5, -11, -9, -9, -14, -8, -19, -7, -25, -7, -28, -7, -33, -7, -33, -8, -31, -6, -23, -4, -18, -1, -12, 2, -6, 6, -2, 10, 1, 14, 4, 17, 4, 20, 4, 22, 3, 23, 1, 21, -2, 18, -4, 16, -5, 11, -6, 7, -7, 2, -6, -2, -5, -5, -3, -8, -1, -10, 2, -10, 4, -10, 6, -9, 7, -7, 9, -4, 8]"
CSI_DATA,42256,2023-11-13 21:23:24.074,1,stand,d4:da:21:98:07:d9,-29,11,0,0,0,0,0,0,0,0,0,-99,0,12,2,519972843,0,37,0,104,0,"[-12, 20, -10, 16, -8, 11, -7, 5, -7, -2, -8, -8, -10, -14, -12, -18, -16, -21, -19, -23, -22, -25, -23, -24, -23, -21, -23, -20, -20, -17, -17, -16, -12, -14, -7, -14, -1, -15, 4, -17, 8, -19, 14, -23, 15, -25, 19, -28, 19, -29, 17, -28, 13, -21, 10, -16, 7, -9, 6, -3, 6, 3, 6, 9, 8, 13, 10, 16, 12, 18, 14, 18, 16, 17, 16, 14, 15, 10, 15, 7, 12, 3, 9, 0, 6, -3, 1, -5, -3, -6, -6, -6, -9, -5, -11, -4, -12, -2, -12, 0, -11, 2, -10, 4]"
CSI_DATA,42257,2023-11-13 21:23:24.086,1,stand,d4:da:21:98:07:d9,-29,11,0,0,0,0,0,0,0,0,0,-99,0,12,2,519984837,0,37,0,104,0,"[-21, -10, -17, -8, -11, -7, -6, -7, 0, -7, 6, -9, 11, -11, 14, -14, 17, -17, 19, -20, 21, -23, 20, -24, 17, -24, 16, -24, 13, -20, 13, -17, 12, -13, 12, -7, 13, -2, 16, 2, 18, 6, 22, 11, 24, 12, 28, 16, 28, 16, 27, 14, 20, 11, 14, 8, 8, 6, 2, 6, -4, 6, -9, 7, -13, 8, -15, 10, -17, 13, -17, 15, -16, 16, -13, 16, -9, 15, -7, 15, -3, 12, 0, 9, 2, 5, 4, 1, 5, -3, 4, -6, 3, -9, 2, -11, 0, -12, -2, -12, -4, -11, -5, -9]"
CSI_DATA,42258,2023-11-13 21:23:24.118,1,stand,d4:da:21:98:07:d9,-29,11,0,0,0,0,0,0,0,0,0,-99,0,12,2,520012850,0,37,0,104,0,"[-18, 4, -15, 2, -12, 0, -8, -2, -4, -5, -2, -9, 0, -13, 0, -16, 0, -19, 0, -22, 0, -24, -1, -24, -2, -22, -3, -22, -2, -18, -1, -17, 1, -14, 4, -12, 7, -9, 12, -8, 15, -7, 19, -7, 22, -8, 25, -8, 25, -8, 23, -8, 16, -6, 12, -4, 7, -2, 4, 2, 1, 5, -1, 9, -3, 12, -2, 15, -2, 17, 0, 18, 2, 18, 3, 16, 5, 13, 6, 11, 7, 7, 6, 4, 5, 0, 3, -3, 1, -6, -1, -7, -3, -8, -5, -8, -7, -7, -8, -6, -9, -4, -8, -2]"
CSI_DATA,42259,2023-11-13 21:23:24.133,1,stand,d4:da:21:98:07:d9,-29,11,0,0,0,0,0,0,0,0,0,-99,0,12,2,520024848,0,37,0,104,0,"[-2, -19, -1, -16, 0, -12, 2, -8, 5, -4, 8, -1, 12, 1, 15, 2, 18, 3, 21, 3, 23, 3, 24, 2, 22, 0, 21, 0, 18, 0, 16, 2, 13, 3, 10, 6, 8, 9, 6, 13, 5, 16, 4, 20, 4, 22, 4, 26, 4, 26, 5, 24, 3, 17, 2, 13, 0, 8, -3, 3, -6, 0, -10, -3, -13, -4, -15, -4, -18, -4, -19, -3, -19, -1, -18, 2, -15, 4, -13, 5, -9, 6, -6, 6, -2, 5, 2, 4, 4, 2, 6, 0, 7, -2, 8, -4, 7, -6, 6, -8, 4, -9, 2, -9]"
CSI_DATA,42260,2023-11-13 21:23:24.136,1,stand,d4:da:21:98:07:d9,-29,11,0,0,0,0,0,0,0,0,0,-99,0,12,2,520032903,0,37,0,104,0,"[-20, -8, -16, -7, -12, -7, -7, -7, -2, -8, 2, -10, 6, -13, 8, -15, 11, -19, 12, -21, 14, -23, 13, -24, 11, -23, 10, -22, 8, -19, 9, -17, 9, -12, 11, -9, 13, -5, 17, -2, 19, 1, 23, 3, 26, 4, 29, 6, 29, 5, 27, 4, 19, 2, 14, 2, 8, 2, 2, 4, -3, 6, -6, 9, -9, 12, -10, 14, -10, 17, -9, 19, -8, 20, -4, 19, -1, 16, 1, 14, 4, 11, 5, 7, 6, 3, 5, -1, 4, -5, 2, -8, 0, -9, -2, -11, -4, -11, -6, -10, -8, -8, -8, -5]"
CSI_DATA,42261,2023-11-13 21:23:24.165,1,stand,d4:da:21:98:07:d9,-29,11,0,0,0,0,0,0,0,0,0,-99,0,12,2,520058113,0,37,0,104,0,"[1, 19, 0, 15, -2, 11, -4, 8, -7, 4, -11, 1, -14, -1, -17, -2, -21, -2, -23, -2, -26, -2, -26, 0, -24, 1, -23, 1, -20, 1, -18, -2, -15, -4, -12, -6, -10, -10, -9, -14, -9, -18, -8, -22, -9, -24, -9, -27, -10, -27, -11, -25, -8, -18, -6, -13, -2, -9, 1, -5, 6, -2, 9, -1, 13, 0, 15, -1, 18, -2, 18, -3, 19, -5, 16, -7, 13, -8, 10, -10, 6, -9, 2, -8, -1, -6, -4, -4, -6, -2, -7, 1, -7, 4, -7, 6, -6, 8, -4, 8, -2, 9, 1, 8]"
CSI_DATA,42262,2023-11-13 21:23:24.181,1,stand,d4:da:21:98:07:d9,-29,11,0,0,0,0,0,0,0,0,0,-99,0,12,2,520080847,0,37,0,104,0,"[-3, 18, -3, 14, -4, 11, -5, 6, -8, 3, -10, -1, -13, -3, -16, -5, -19, -6, -22, -6, -24, -6, -25, -5, -23, -3, -22, -3, -19, -3, -17, -4, -13, -5, -11, -8, -8, -11, -6, -15, -5, -18, -4, -22, -4, -25, -4, -28, -5, -28, -5, -26, -5, -19, -3, -15, -1, -9, 2, -5, 5, -2, 8, 1, 11, 3, 14, 3, 16, 2, 18, 1, 18, -2, 16, -4, 13, -5, 11, -6, 8, -7, 4, -7, 1, -6, -3, -4, -5, -3, -7, 0, -8, 2, -7, 4, -6, 6, -5, 7, -3, 8, -1, 7]"
CSI_DATA,42263,2023-11-13 21:23:24.197,1,stand,d4:da:21:98:07:d9,-29,11,0,0,0,0,0,0,0,0,0,-99,0,12,2,520089054,0,37,0,104,0,"[-5, -18, -4, -14, -1, -11, 1, -8, 5, -6, 8, -4, 12, -3, 15, -3, 18, -3, 20, -4, 23, -5, 23, -6, 20, -6, 20, -7, 17, -5, 15, -4, 13, -1, 11, 2, 10, 6, 10, 10, 10, 14, 11, 17, 13, 19, 14, 22, 14, 22, 14, 20, 11, 14, 8, 10, 4, 7, 0, 4, -5, 3, -9, 2, -12, 2, -15, 3, -16, 5, -17, 7, -16, 8, -14, 9, -11, 10, -8, 10, -5, 9, -2, 7, 1, 5, 3, 2, 5, -1, 5, -3, 4, -6, 3, -7, 2, -8, 0, -8, -2, -8, -4, -7]"
CSI_DATA,42264,2023-11-13 21:23:24.213,1,stand,d4:da:21:98:07:d9,-29,11,0,0,0,0,0,0,0,0,0,-99,0,12,2,520104838,0,37,0,104,0,"[-7, -19, -5, -15, -2, -12, 1, -9, 5, -7, 9, -5, 12, -4, 15, -4, 19, -5, 21, -6, 23, -7, 23, -8, 21, -8, 20, -9, 17, -7, 16, -5, 14, -2, 13, 1, 12, 5, 12, 10, 13, 13, 14, 17, 15, 18, 17, 21, 17, 21, 17, 19, 12, 13, 9, 10, 4, 6, 0, 4, -5, 3, -9, 3, -13, 4, -15, 5, -17, 7, -17, 9, -16, 11, -13, 12, -10, 12, -7, 12, -3, 10, 0, 8, 3, 5, 4, 2, 5, -1, 5, -4, 5, -6, 3, -8, 2, -9, 0, -9, -2, -9, -4, -7]"
CSI_DATA,42265,2023-11-13 21:23:24.213,1,stand,d4:da:21:98:07:d9,-29,11,0,0,0,0,0,0,0,0,0,-99,0,12,2,520112846,0,37,0,104,0,"[19, -2, 15, -1, 12, 1, 8, 3, 4, 6, 1, 9, 0, 13, -1, 16, -2, 19, -1, 22, -1, 24, 0, 24, 1, 22, 1, 22, 0, 19, -2, 17, -4, 14, -7, 12, -11, 9, -15, 8, -18, 8, -22, 7, -24, 8, -27, 8, -27, 9, -25, 9, -17, 6, -13, 4, -8, 1, -4, -3, -1, -6, 0, -11, 1, -14, 1, -17, 0, -19, -2, -20, -4, -20, -6, -18, -8, -14, -9, -12, -9, -8, -9, -4, -7, 0, -5, 3, -3, 6, 0, 7, 2, 8, 4, 7, 6, 6, 7, 4, 8, 2, 7, -1]"
CSI_DATA,42266,2023-11-13 21:23:24.213,1,stand,d4:da:21:98:07:d9,-29,11,0,0,0,0,0,0,0,0,0,-99,0,12,2,520119079,0,37,0,104,0,"[9, 15, 7, 12, 4, 10, 0, 8, -4, 6, -8, 5, -12, 5, -14, 6, -18, 6, -20, 8, -21, 9, -21, 9, -19, 9, -19, 9, -16, 7, -16, 5, -14, 2, -13, -2, -13, -5, -14, -9, -14, -13, -15, -16, -17, -17, -18, -20, -18, -19, -17, -17, -12, -12, -9, -9, -4, -6, 1, -4, 5, -3, 9, -3, 12, -4, 14, -5, 16, -7, 16, -9, 15, -11, 12, -12, 9, -12, 6, -12, 3, -10, -1, -9, -4, -7, -6, -3, -7, -1, -7, 2, -7, 5, -6, 7, -5, 8, -2, 8, 0, 8, 2, 7]"
CSI_DATA,42267,2023-11-13 21:23:24.230,1,stand,d4:da:21:98:07:d9,-29,11,0,0,0,0,0,0,0,0,0,-99,0,12,2,520132034,0,37,0,104,0,"[6, -20, 6, -16, 6, -11, 7, -7, 8, -2, 10, 2, 12, 6, 14, 8, 17, 11, 19, 12, 22, 13, 22, 12, 21, 10, 21, 10, 17, 9, 15, 10, 11, 11, 7, 12, 3, 15, 0, 18, -2, 20, -5, 24, -5, 26, -7, 28, -6, 28, -5, 26, -3, 17, -3, 12, -4, 6, -5, 0, -7, -4, -10, -8, -12, -10, -15, -11, -18, -11, -20, -10, -21, -8, -19, -5, -17, -2, -15, 1, -11, 4, -7, 6, -3, 7, 1, 7, 5, 6, 7, 4, 9, 2, 10, 0, 10, -2, 9, -5, 7, -6, 5, -8]"
CSI_DATA,42268,2023-11-13 21:23:24.261,1,stand,d4:da:21:98:07:d9,-29,11,0,0,0,0,0,0,0,0,0,-99,0,12,2,520157495,0,37,0,104,0,"[3, 19, 1, 15, -1, 11, -3, 7, -7, 3, -11, 0, -14, -2, -17, -3, -21, -3, -24, -4, -26, -4, -26, -3, -24, -2, -24, -1, -20, -1, -18, -4, -15, -5, -12, -9, -9, -12, -7, -16, -7, -20, -6, -24, -6, -26, -5, -29, -5, -29, -6, -26, -4, -18, -2, -13, 0, -8, 4, -3, 7, 1, 11, 3, 14, 5, 17, 5, 19, 4, 21, 3, 21, 1, 19, -2, 15, -4, 13, -6, 8, -7, 4, -7, 0, -7, -4, -5, -7, -4, -9, -1, -10, 1, -11, 3, -10, 5, -9, 7, -8, 6, -3, 7]"
CSI_DATA,42269,2023-11-13 21:23:24.276,1,stand,d4:da:21:98:07:d9,-29,11,0,0,0,0,0,0,0,0,0,-99,0,12,2,520174683,0,37,0,104,0,"[-12, 18, -10, 13, -9, 9, -8, 4, -8, -2, -9, -8, -11, -12, -13, -16, -15, -19, -18, -21, -21, -22, -22, -22, -21, -19, -21, -18, -18, -16, -15, -16, -11, -15, -6, -15, -2, -17, 3, -19, 6, -22, 10, -25, 11, -27, 14, -30, 13, -30, 12, -28, 8, -20, 7, -14, 6, -8, 6, -1, 7, 4, 9, 9, 11, 13, 14, 14, 16, 15, 18, 15, 20, 13, 19, 10, 17, 6, 16, 3, 12, 0, 9, -3, 4, -5, 0, -6, -5, -6, -8, -5, -10, -3, -12, -1, -12, 1, -12, 3, -10, 5, -8, 6]"
CSI_DATA,42270,2023-11-13 21:23:24.293,1,stand,d4:da:21:98:07:d9,-29,11,0,0,0,0,0,0,0,0,0,-99,0,12,2,520185110,0,37,0,104,0,"[-11, -15, -9, -12, -5, -10, -2, -7, 3, -5, 7, -4, 11, -4, 14, -5, 18, -6, 20, -8, 22, -9, 22, -10, 20, -11, 19, -11, 16, -9, 15, -8, 13, -5, 12, -1, 12, 3, 13, 7, 13, 10, 14, 14, 16, 15, 18, 18, 18, 18, 17, 17, 12, 12, 8, 9, 4, 7, -1, 5, -5, 4, -10, 4, -13, 5, -15, 6, -17, 8, -17, 10, -17, 11, -14, 12, -11, 12, -8, 12, -5, 9, -1, 8, 1, 5, 3, 2, 4, -1, 5, -4, 4, -7, 3, -9, 1, -10, 0, -10, -2, -9, -4, -8]"
CSI_DATA,42271,2023-11-13 21:23:24.339,1,stand,d4:da:21:98:07:d9,-29,11,0,0,0,0,0,0,0,0,0,-99,0,12,2,520240866,0,37,0,104,0,"[-14, -12, -11, -11, -7, -10, -3, -8, 1, -8, 5, -8, 9, -9, 12, -10, 14, -12, 16, -13, 18, -15, 17, -15, 15, -15, 15, -14, 13, -12, 14, -9, 12, -6, 13, -3, 13, 1, 15, 4, 17, 6, 19, 9, 21, 9, 22, 11, 22, 11, 21, 9, 14, 7, 10, 5, 4, 4, -1, 4, -5, 5, -9, 6, -11, 8, -13, 10, -14, 13, -13, 15, -12, 16, -9, 16, -5, 14, -3, 13, 0, 11, 2, 7, 4, 4, 5, 0, 5, -3, 4, -6, 2, -8, 1, -10, -1, -10, -3, -10, -5, -9, -6, -7]"
CSI_DATA,42272,2023-11-13 21:23:24.357,1,stand,d4:da:21:98:07:d9,-29,11,0,0,0,0,0,0,0,0,0,-99,0,12,2,520249272,0,37,0,104,0,"[3, 17, 2, 14, 0, 11, -3, 8, -6, 4, -10, 2, -13, 1, -16, 0, -19, 0, -21, 0, -23, 0, -23, 1, -21, 2, -21, 2, -18, 1, -17, -1, -15, -3, -13, -6, -12, -9, -11, -13, -11, -16, -12, -19, -13, -20, -14, -23, -13, -22, -13, -20, -9, -14, -6, -10, -2, -7, 2, -4, 7, -3, 10, -2, 14, -2, 16, -3, 17, -5, 18, -7, 18, -8, 15, -10, 11, -11, 9, -11, 5, -10, 1, -9, -2, -6, -4, -4, -6, 0, -7, 3, -7, 5, -6, 7, -4, 8, -3, 9, 0, 9, 1, 8]"
CSI_DATA,42273,2023-11-13 21:23:24.357,1,stand,d4:da:21:98:07:d9,-29,11,0,0,0,0,0,0,0,0,0,-99,0,12,2,520256850,0,37,0,104,0,"[16, -15, 14, -12, 11, -8, 10, -3, 8, 3, 8, 8, 9, 12, 10, 15, 12, 19, 14, 21, 16, 23, 16, 22, 16, 20, 15, 19, 13, 17, 10, 17, 6, 16, 2, 16, -2, 17, -6, 19, -9, 21, -12, 24, -13, 26, -16, 28, -15, 28, -13, 26, -9, 17, -8, 11, -6, 5, -6, -1, -7, -6, -9, -11, -12, -14, -14, -15, -17, -16, -19, -15, -21, -14, -20, -10, -19, -6, -18, -3, -13, 0, -10, 3, -5, 5, 0, 6, 4, 6, 7, 4, 9, 2, 11, 0, 11, -3, 11, -5, 9, -7, 7, -8]"
CSI_DATA,42274,2023-11-13 21:23:24.387,1,stand,d4:da:21:98:07:d9,-29,11,0,0,0,0,0,0,0,0,0,-99,0,12,2,520283387,0,37,0,104,0,"[9, -13, 8, -11, 6, -8, 6, -4, 6, 0, 6, 3, 7, 6, 8, 9, 10, 11, 12, 12, 14, 13, 15, 13, 14, 11, 14, 10, 12, 9, 10, 9, 8, 9, 5, 10, 2, 11, 0, 13, -2, 15, -4, 17, -4, 18, -5, 21, -5, 20, -4, 19, -3, 13, -3, 9, -4, 5, -5, 1, -7, -2, -9, -5, -11, -6, -13, -7, -15, -6, -16, -5, -16, -4, -15, -1, -13, 1, -11, 2, -8, 3, -4, 4, -1, 4, 2, 3, 4, 1, 6, 0, 7, -2, 7, -4, 7, -6, 5, -7, 3, -7, 1, -7]"
CSI_DATA,42275,2023-11-13 21:23:24.403,1,stand,d4:da:21:98:07:d9,-29,11,0,0,0,0,0,0,0,0,0,-99,0,12,2,520296858,0,37,0,104,0,"[20, 2, 16, 2, 12, 2, 8, 3, 3, 6, 0, 9, -3, 12, -5, 15, -6, 19, -7, 22, -7, 24, -6, 25, -4, 24, -3, 23, -3, 20, -4, 18, -5, 15, -7, 12, -10, 10, -14, 9, -17, 8, -21, 7, -23, 8, -27, 8, -26, 7, -24, 8, -17, 5, -13, 3, -9, -1, -5, -4, -3, -9, -2, -12, -2, -16, -2, -18, -4, -19, -6, -20, -7, -19, -9, -17, -9, -13, -10, -10, -9, -6, -7, -2, -5, 1, -2, 4, 1, 6, 4, 6, 7, 6, 9, 5, 10, 3, 10, 1, 9, -1, 8, -3]"
CSI_DATA,42276,2023-11-13 21:23:24.419,1,stand,d4:da:21:98:07:d9,-30,11,0,0,0,0,0,0,0,0,0,-99,0,12,2,520312855,0,37,0,104,0,"[-13, 20, -11, 16, -9, 11, -8, 7, -8, 1, -9, -5, -12, -9, -14, -12, -17, -15, -20, -17, -23, -18, -24, -17, -24, -14, -24, -14, -21, -12, -19, -12, -15, -11, -11, -12, -8, -15, -4, -18, -2, -21, 0, -25, 0, -27, 2, -31, 1, -30, 0, -28, 0, -20, 1, -16, 3, -10, 6, -5, 9, -1, 12, 2, 16, 3, 18, 3, 21, 2, 22, 1, 22, -1, 19, -4, 15, -6, 12, -7, 8, -8, 3, -7, -1, -6, -4, -3, -7, 0, -9, 2, -9, 5, -9, 8, -8, 10, -5, 10, -3, 10, 0, 9]"
CSI_DATA,42277,2023-11-13 21:23:24.435,1,stand,d4:da:21:98:07:d9,-30,11,0,0,0,0,0,0,0,0,0,-99,0,12,2,520325468,0,37,0,104,0,"[0, 19, 1, 16, 0, 12, -2, 8, -5, 4, -8, 1, -12, -1, -15, -2, -19, -2, -21, -2, -24, -1, -25, 0, -23, 2, -23, 2, -20, 2, -19, 1, -16, 0, -14, -3, -13, -6, -12, -10, -12, -13, -13, -16, -14, -18, -15, -21, -14, -20, -14, -19, -10, -13, -7, -11, -3, -9, 1, -7, 5, -6, 9, -6, 12, -6, 13, -8, 15, -10, 14, -12, 14, -13, 10, -13, 7, -13, 4, -11, 1, -9, -2, -7, -4, -3, -5, 0, -5, 4, -4, 6, -3, 8, -1, 9, 1, 10, 3, 9, 4, 7, 5, 5]"
CSI_DATA,42278,2023-11-13 21:23:24.451,1,stand,d4:da:21:98:07:d9,-30,11,0,0,0,0,0,0,0,0,0,-99,0,12,2,520354949,0,37,0,104,0,"[20, -2, 17, -2, 13, -1, 9, 1, 4, 4, 1, 7, -2, 11, -2, 14, -3, 18, -3, 21, -3, 24, -1, 24, 0, 23, 1, 23, 1, 20, 0, 19, -1, 16, -4, 13, -7, 12, -11, 11, -14, 10, -18, 10, -19, 11, -22, 12, -22, 11, -21, 11, -15, 7, -12, 4, -9, 1, -6, -4, -5, -7, -4, -11, -5, -14, -6, -16, -7, -17, -9, -17, -10, -16, -11, -13, -11, -10, -11, -7, -9, -3, -7, 0, -4, 2, -1, 4, 3, 5, 5, 5, 8, 4, 9, 2, 10, 1, 9, -1, 8, -3, 7, -5]"
CSI_DATA,42279,2023-11-13 21:23:24.466,1,stand,d4:da:21:98:07:d9,-30,11,0,0,0,0,0,0,0,0,0,-99,0,12,2,520364857,0,37,0,104,0,"[3, -24, 2, -20, 2, -16, 3, -11, 5, -5, 8, -1, 11, 3, 15, 5, 19, 6, 22, 7, 26, 7, 27, 6, 26, 4, 26, 3, 23, 2, 21, 3, 18, 4, 15, 6, 12, 9, 10, 13, 9, 16, 8, 21, 9, 23, 8, 26, 8, 26, 9, 24, 6, 17, 3, 13, -1, 9, -5, 5, -9, 3, -13, 2, -16, 2, -19, 3, -20, 5, -21, 7, -20, 8, -17, 9, -12, 10, -9, 10, -5, 8, -1, 6, 2, 3, 4, 0, 6, -4, 6, -7, 5, -9, 4, -11, 2, -12, 0, -12, -2, -11, -4, -9]"
CSI_DATA,42280,2023-11-13 21:23:24.482,1,stand,d4:da:21:98:07:d9,-30,11,0,0,0,0,0,0,0,0,0,-99,0,12,2,520372850,0,37,0,104,0,"[17, -19, 14, -16, 11, -12, 8, -7, 6, -1, 6, 5, 7, 9, 9, 14, 11, 18, 14, 20, 17, 23, 18, 23, 19, 20, 20, 20, 18, 17, 15, 16, 12, 15, 8, 14, 3, 16, 0, 18, -3, 20, -7, 23, -8, 24, -11, 27, -11, 27, -9, 25, -8, 18, -7, 12, -7, 6, -8, 1, -10, -4, -12, -7, -15, -10, -17, -10, -20, -10, -21, -9, -22, -7, -20, -4, -17, -1, -15, 2, -10, 3, -6, 4, -1, 5, 3, 3, 7, 2, 9, -1, 10, -3, 11, -5, 10, -7, 8, -9, 6, -10, 3, -10]"
CSI_DATA,42281,2023-11-13 21:23:24.498,1,stand,d4:da:21:98:07:d9,-30,11,0,0,0,0,0,0,0,0,0,-99,0,12,2,520385521,0,37,0,104,0,"[-19, 17, -16, 14, -13, 11, -9, 6, -7, 0, -6, -6, -6, -11, -8, -15, -10, -20, -12, -23, -14, -25, -16, -26, -17, -23, -18, -23, -16, -20, -14, -19, -11, -18, -7, -16, -3, -17, 2, -18, 5, -19, 10, -21, 11, -23, 14, -25, 14, -25, 13, -24, 10, -16, 8, -11, 7, -6, 7, 0, 8, 5, 9, 9, 11, 11, 14, 12, 15, 13, 17, 12, 18, 10, 17, 7, 15, 3, 13, 1, 9, -2, 5, -4, 1, -5, -3, -5, -7, -5, -10, -3, -12, -1, -12, 1, -12, 3, -11, 5, -9, 6, -6, 7]"
CSI_DATA,42282,2023-11-13 21:23:24.498,1,stand,d4:da:21:98:07:d9,-30,11,0,0,0,0,0,0,0,0,0,-99,0,12,2,520392853,0,37,0,104,0,"[-20, 15, -17, 13, -13, 10, -10, 5, -7, 0, -6, -6, -5, -11, -7, -15, -8, -20, -10, -23, -12, -26, -14, -27, -15, -24, -16, -24, -15, -21, -13, -20, -10, -18, -5, -17, -1, -17, 3, -17, 7, -19, 11, -20, 12, -22, 15, -24, 16, -24, 14, -23, 11, -15, 9, -10, 7, -5, 6, 1, 7, 5, 8, 9, 10, 12, 12, 14, 14, 14, 16, 13, 17, 12, 16, 8, 15, 4, 13, 2, 9, -1, 5, -4, 1, -5, -3, -6, -7, -5, -10, -4, -12, -2, -13, 0, -12, 2, -11, 4, -9, 6, -7, 7]"
CSI_DATA,42283,2023-11-13 21:23:24.530,1,stand,d4:da:21:98:07:d9,-30,11,0,0,0,0,0,0,0,0,0,-99,0,12,2,520423110,0,37,0,104,0,"[-21, -11, -17, -9, -14, -8, -9, -6, -4, -6, 1, -6, 6, -8, 9, -10, 12, -13, 14, -16, 16, -19, 15, -20, 13, -20, 13, -20, 11, -18, 12, -17, 11, -14, 11, -10, 12, -7, 15, -4, 16, -1, 19, 2, 21, 2, 23, 4, 23, 4, 21, 3, 14, 3, 10, 3, 5, 4, 0, 5, -4, 7, -6, 9, -8, 12, -8, 14, -8, 15, -7, 17, -5, 17, -2, 15, 1, 12, 2, 10, 4, 6, 4, 3, 4, -1, 3, -5, 2, -7, 0, -9, -2, -10, -4, -10, -6, -10, -7, -8, -8, -6, -8, -3]"
CSI_DATA,42284,2023-11-13 21:23:24.546,1,stand,d4:da:21:98:07:d9,-31,11,0,0,0,0,0,0,0,0,0,-99,0,12,2,520436877,0,37,0,104,0,"[21, -8, 17, -7, 14, -5, 10, -3, 6, 1, 3, 5, 1, 9, 1, 13, 1, 17, 1, 20, 2, 23, 3, 24, 4, 22, 5, 23, 4, 20, 3, 19, 1, 16, -2, 15, -5, 13, -9, 13, -12, 13, -15, 13, -17, 13, -20, 14, -20, 13, -18, 12, -12, 8, -9, 4, -6, 0, -4, -4, -3, -8, -3, -11, -4, -14, -5, -16, -7, -17, -9, -17, -10, -15, -11, -12, -10, -9, -10, -6, -8, -2, -6, 1, -4, 4, 0, 5, 3, 6, 5, 6, 7, 5, 9, 4, 10, 2, 9, 0, 8, -2, 6, -3]"
CSI_DATA,42285,2023-11-13 21:23:24.546,1,stand,d4:da:21:98:07:d9,-30,11,0,0,0,0,0,0,0,0,0,-99,0,12,2,520444847,0,37,0,104,0,"[9, -20, 7, -18, 6, -13, 6, -9, 5, -4, 6, 1, 8, 5, 10, 8, 12, 10, 14, 12, 17, 14, 19, 14, 18, 12, 19, 11, 17, 10, 15, 10, 13, 10, 9, 10, 6, 12, 3, 14, 1, 17, -1, 19, -2, 20, -3, 23, -4, 22, -3, 21, -3, 13, -3, 9, -4, 4, -5, 0, -8, -4, -10, -6, -13, -8, -15, -8, -16, -7, -17, -5, -17, -4, -15, -1, -13, 1, -10, 3, -6, 4, -3, 5, 1, 5, 4, 4, 7, 2, 8, 0, 9, -2, 9, -4, 8, -6, 7, -7, 4, -7, 2, -7]"
CSI_DATA,42286,2023-11-13 21:23:24.558,1,stand,d4:da:21:98:07:d9,-30,11,0,0,0,0,0,0,0,0,0,-99,0,12,2,520452855,0,37,0,104,0,"[17, 13, 14, 11, 11, 9, 7, 7, 2, 6, -3, 6, -7, 7, -10, 8, -14, 10, -16, 12, -18, 14, -18, 15, -16, 15, -16, 16, -14, 14, -15, 12, -13, 10, -14, 7, -14, 3, -16, 0, -17, -3, -20, -5, -21, -6, -23, -8, -23, -8, -21, -7, -14, -5, -9, -5, -4, -4, 1, -5, 4, -7, 7, -9, 9, -11, 9, -13, 9, -15, 8, -16, 6, -16, 3, -15, 0, -13, -2, -11, -4, -8, -6, -4, -6, 0, -5, 3, -5, 6, -3, 8, -1, 9, 1, 10, 3, 9, 4, 8, 5, 6, 6, 3]"
CSI_DATA,42287,2023-11-13 21:23:24.578,1,stand,d4:da:21:98:07:d9,-31,11,0,0,0,0,0,0,0,0,0,-99,0,12,2,520476386,0,37,0,104,0,"[-4, -22, -3, -18, -2, -15, 0, -11, 3, -7, 6, -4, 10, -2, 13, 0, 17, 1, 20, 0, 22, 0, 23, -1, 22, -2, 22, -2, 19, -2, 18, 0, 16, 1, 13, 4, 12, 7, 11, 11, 11, 13, 10, 17, 11, 18, 11, 21, 10, 20, 10, 19, 6, 12, 3, 8, -1, 5, -5, 2, -8, 0, -12, -1, -14, -1, -16, 0, -17, 2, -17, 4, -16, 6, -13, 7, -10, 8, -7, 8, -3, 7, 1, 6, 4, 4, 6, 1, 8, -1, 8, -4, 7, -6, 7, -8, 5, -9, 3, -9, 1, -9, -1, -7]"
CSI_DATA,42288,2023-11-13 21:23:24.605,1,stand,d4:da:21:98:07:d9,-30,11,0,0,0,0,0,0,0,0,0,-99,0,12,2,520497011,0,37,0,104,0,"[20, 12, 17, 10, 12, 9, 8, 8, 2, 8, -3, 9, -8, 10, -11, 12, -14, 15, -16, 17, -18, 19, -17, 21, -15, 20, -15, 20, -14, 18, -14, 15, -13, 12, -14, 8, -16, 5, -19, 2, -21, -1, -24, -4, -25, -4, -27, -6, -27, -6, -25, -5, -16, -4, -11, -4, -5, -4, 0, -6, 5, -8, 8, -10, 9, -13, 9, -15, 9, -18, 7, -19, 5, -19, 1, -17, -2, -15, -5, -12, -6, -8, -8, -4, -8, 0, -7, 4, -6, 7, -4, 9, -1, 11, 1, 11, 3, 10, 5, 8, 6, 6, 7, 3]"
CSI_DATA,42289,2023-11-13 21:23:24.610,1,stand,d4:da:21:98:07:d9,-30,11,0,0,0,0,0,0,0,0,0,-99,0,12,2,520505798,0,37,0,104,0,"[1, -23, 1, -19, 2, -15, 3, -11, 6, -6, 8, -2, 12, 1, 14, 3, 18, 5, 21, 5, 23, 6, 24, 5, 23, 3, 22, 3, 19, 3, 18, 4, 15, 6, 12, 8, 10, 11, 8, 14, 6, 17, 5, 20, 5, 22, 4, 25, 4, 24, 4, 22, 2, 14, 0, 10, -2, 5, -5, 1, -8, -2, -11, -4, -14, -5, -16, -4, -18, -3, -19, -1, -18, 1, -16, 4, -12, 6, -10, 7, -5, 7, -2, 7, 2, 6, 6, 4, 8, 2, 9, -1, 10, -3, 9, -5, 8, -7, 6, -8, 3, -8, 1, -8]"
CSI_DATA,42290,2023-11-13 21:23:24.610,1,stand,d4:da:21:98:07:d9,-30,11,0,0,0,0,0,0,0,0,0,-99,0,12,2,520512856,0,37,0,104,0,"[6, -24, 5, -20, 6, -16, 6, -10, 8, -5, 10, 0, 13, 5, 16, 7, 19, 10, 22, 11, 25, 12, 26, 11, 24, 9, 24, 9, 20, 8, 19, 9, 15, 9, 11, 11, 8, 14, 5, 18, 3, 20, 1, 24, 1, 27, -1, 29, -1, 28, 0, 26, -1, 17, -2, 11, -3, 5, -5, 0, -8, -4, -12, -7, -14, -8, -17, -8, -19, -8, -21, -5, -21, -3, -18, 0, -15, 3, -13, 6, -8, 7, -4, 8, 1, 8, 5, 7, 8, 5, 10, 2, 11, 0, 11, -3, 10, -5, 8, -7, 6, -8, 3, -8]"
CSI_DATA,42291,2023-11-13 21:23:24.625,1,stand,d4:da:21:98:07:d9,-30,11,0,0,0,0,0,0,0,0,0,-99,0,12,2,520524883,0,37,0,104,0,"[-13, 15, -11, 12, -10, 9, -9, 5, -8, -1, -8, -5, -9, -9, -11, -12, -13, -15, -15, -16, -16, -18, -17, -18, -17, -15, -17, -15, -15, -13, -12, -13, -9, -13, -6, -13, -3, -14, 1, -16, 3, -18, 6, -20, 6, -21, 8, -23, 8, -23, 7, -21, 5, -15, 4, -10, 4, -5, 4, 0, 5, 4, 7, 7, 9, 9, 11, 10, 13, 10, 14, 9, 15, 7, 14, 4, 11, -2, 10, -3, 8, -5, 4, -7, 1, -7, -3, -7, -6, -7, -8, -5, -9, -3, -10, -1, -10, 1, -9, 3, -7, 4, -5, 5]"
CSI_DATA,42292,2023-11-13 21:23:24.641,1,stand,d4:da:21:98:07:d9,-30,11,0,0,0,0,0,0,0,0,0,-99,0,12,2,520546266,0,37,0,104,0,"[10, -22, 8, -18, 8, -13, 8, -8, 9, -1, 10, 4, 13, 8, 15, 11, 18, 14, 21, 15, 24, 17, 25, 16, 23, 13, 23, 13, 20, 11, 16, 12, 13, 12, 8, 13, 4, 15, 1, 18, -2, 21, -5, 25, -6, 27, -8, 30, -8, 30, -6, 28, -5, 19, -4, 13, -4, 7, -6, 0, -7, -5, -10, -8, -13, -11, -16, -12, -18, -12, -20, -10, -21, -8, -20, -4, -17, -1, -15, 3, -11, 5, -7, 7, -3, 8, 2, 8, 6, 7, 8, 4, 10, 2, 11, 0, 11, -2, 9, -5, 7, -7, 4, -8]"
CSI_DATA,42293,2023-11-13 21:23:24.673,1,stand,d4:da:21:98:07:d9,-29,11,0,0,0,0,0,0,0,0,0,-99,0,12,2,520577224,0,37,0,104,0,"[-20, 4, -16, 2, -12, 0, -9, -3, -5, -6, -2, -11, 1, -15, 1, -18, 3, -21, 2, -24, 1, -27, 0, -27, -1, -25, -1, -24, -1, -21, 2, -18, 3, -15, 6, -12, 10, -9, 14, -8, 18, -7, 22, -5, 24, -7, 27, -6, 27, -6, 25, -6, 17, -5, 12, -2, 7, 0, 2, 3, -1, 7, -4, 10, -6, 13, -5, 16, -5, 19, -3, 19, -1, 20, 1, 18, 4, 15, 5, 13, 6, 8, 7, 4, 6, 0, 5, -3, 3, -7, 1, -9, -1, -10, -3, -10, -5, -9, -7, -8, -8, -6, -9, -3]"
CSI_DATA,42294,2023-11-13 21:23:24.689,1,stand,d4:da:21:98:07:d9,-29,11,0,0,0,0,0,0,0,0,0,-99,0,12,2,520584854,0,37,0,104,0,"[-10, -18, -8, -15, -5, -11, -1, -8, 4, -6, 9, -4, 13, -3, 17, -3, 20, -3, 23, -4, 25, -5, 25, -6, 23, -7, 22, -7, 19, -5, 17, -3, 14, 0, 12, 3, 10, 7, 10, 12, 9, 16, 9, 20, 10, 22, 10, 25, 10, 25, 10, 23, 7, 16, 4, 12, 1, 7, -3, 3, -8, 0, -12, -2, -15, -3, -17, -2, -20, -1, -21, 0, -21, 2, -18, 4, -15, 6, -13, 7, -8, 7, -4, 7, 0, 6, 3, 4, 6, 2, 8, 0, 9, -3, 9, -5, 8, -6, 6, -8, 4, -9, 1, -8]"
CSI_DATA,42295,2023-11-13 21:23:24.699,1,stand,d4:da:21:98:07:d9,-29,11,0,0,0,0,0,0,0,0,0,-99,0,12,2,520592854,0,37,0,104,0,"[14, -19, 11, -15, 9, -10, 8, -5, 7, 2, 7, 8, 8, 13, 10, 17, 12, 21, 14, 24, 16, 26, 17, 25, 16, 23, 16, 22, 13, 18, 10, 18, 6, 15, 1, 14, -5, 15, -10, 16, -14, 17, -19, 19, -22, 21, -26, 23, -25, 22, -23, 21, -16, 15, -12, 10, -8, 4, -5, -2, -3, -8, -3, -13, -3, -18, -5, -20, -6, -23, -9, -24, -10, -23, -12, -20, -13, -16, -13, -12, -12, -7, -11, -3, -8, 2, -5, 5, -2, 8, 2, 9, 5, 9, 7, 9, 9, 7, 10, 5, 11, 2, 10, -1]"
CSI_DATA,42296,2023-11-13 21:23:24.705,1,stand,d4:da:21:98:07:d9,-30,11,0,0,0,0,0,0,0,0,0,-99,0,12,2,520604858,0,37,0,104,0,"[9, 16, 7, 12, 4, 10, 0, 7, -5, 4, -9, 2, -13, 0, -17, 0, -20, 0, -23, 1, -25, 1, -25, 2, -23, 3, -22, 3, -19, 2, -17, 0, -14, -2, -11, -5, -9, -9, -8, -13, -7, -17, -6, -21, -6, -23, -6, -26, -6, -26, -6, -25, -4, -17, -2, -13, 0, -7, 2, -3, 6, 1, 9, 4, 12, 6, 14, 6, 17, 6, 18, 5, 19, 4, 17, 1, 15, -1, 13, -3, 9, -5, 5, -6, 1, -6, -2, -6, -5, -5, -8, -3, -9, -2, -10, 0, -10, 2, -9, 3, -8, 5, -6, 6]"
CSI_DATA,42297,2023-11-13 21:23:24.736,1,stand,d4:da:21:98:07:d9,-30,11,0,0,0,0,0,0,0,0,0,-99,0,12,2,520639493,0,37,0,104,0,"[-17, 17, -14, 14, -12, 9, -9, 4, -7, -3, -6, -9, -6, -15, -7, -19, -8, -24, -10, -27, -11, -30, -12, -30, -13, -27, -13, -26, -11, -22, -8, -20, -4, -17, 1, -15, 6, -14, 12, -14, 17, -14, 22, -15, 25, -16, 29, -17, 29, -17, 26, -17, 18, -12, 13, -7, 8, -3, 3, 2, 0, 8, -2, 13, -3, 18, -3, 20, -1, 23, 0, 25, 2, 25, 5, 22, 6, 18, 8, 14, 8, 9, 8, 4, 6, -1, 4, -5, 2, -9, -1, -11, -4, -12, -6, -12, -8, -12, -10, -10, -11, -7, -10, -4]"
CSI_DATA,42298,2023-11-13 21:23:24.761,1,stand,d4:da:21:98:07:d9,-30,11,0,0,0,0,0,0,0,0,0,-99,0,12,2,520652871,0,37,0,104,0,"[-22, -1, -18, -2, -13, -2, -9, -4, -3, -6, 1, -10, 4, -13, 6, -16, 8, -20, 9, -23, 9, -26, 8, -26, 6, -25, 6, -25, 5, -21, 7, -18, 8, -14, 9, -10, 12, -6, 16, -3, 19, -1, 24, 2, 26, 1, 29, 3, 29, 3, 27, 2, 18, 1, 13, 1, 7, 2, 1, 4, -4, 6, -8, 9, -11, 12, -11, 14, -12, 17, -11, 19, -9, 20, -6, 19, -3, 16, 0, 14, 2, 10, 4, 6, 5, 2, 5, -2, 4, -6, 3, -9, 1, -11, -1, -12, -3, -12, -5, -11, -7, -9, -7, -7]"
CSI_DATA,42299,2023-11-13 21:23:24.768,1,stand,d4:da:21:98:07:d9,-30,11,0,0,0,0,0,0,0,0,0,-99,0,12,2,520669189,0,37,0,104,0,"[-9, 22, -8, 18, -8, 13, -7, 7, -8, 1, -10, -4, -13, -9, -15, -12, -19, -15, -21, -17, -24, -19, -25, -18, -24, -16, -24, -15, -20, -13, -17, -14, -13, -13, -8, -14, -3, -17, 1, -20, 5, -23, 8, -27, 9, -29, 11, -32, 10, -32, 9, -30, 6, -21, 5, -15, 4, -8, 4, -1, 6, 5, 9, 10, 11, 13, 14, 15, 17, 16, 19, 15, 20, 13, 20, 9, 17, 5, 16, 2, 12, -1, 8, -4, 3, -6, -2, -7, -6, -6, -10, -5, -12, -3, -14, -1, -14, 1, -13, 3, -11, 5, -8, 6]"
CSI_DATA,42300,2023-11-13 21:23:24.800,1,stand,d4:da:21:98:07:d9,-29,11,0,0,0,0,0,0,0,0,0,-99,0,12,2,520703605,0,37,0,104,0,"[5, 18, 4, 15, 2, 12, -1, 9, -4, 5, -8, 3, -12, 2, -15, 1, -19, 1, -21, 2, -24, 2, -24, 3, -22, 4, -22, 4, -19, 3, -17, 1, -14, -1, -13, -4, -11, -8, -11, -12, -10, -16, -11, -20, -11, -21, -12, -25, -12, -24, -12, -22, -9, -15, -6, -11, -2, -7, 2, -3, 6, -1, 10, 0, 13, 0, 16, 0, 18, -2, 18, -3, 18, -5, 16, -7, 12, -8, 10, -9, 5, -8, 2, -7, -2, -6, -5, -3, -7, -1, -9, 2, -9, 4, -8, 6, -7, 8, -6, 8, -3, 8, -1, 7]"
CSI_DATA,42301,2023-11-13 21:23:24.863,1,stand,d4:da:21:98:07:d9,-29,11,0,0,0,0,0,0,0,0,0,-99,0,12,2,520756055,0,37,0,104,0,"[-14, 11, -12, 8, -11, 5, -9, 1, -8, -3, -7, -7, -8, -11, -8, -14, -9, -17, -10, -19, -11, -21, -12, -21, -11, -19, -11, -19, -9, -16, -6, -15, -3, -13, 1, -12, 5, -12, 9, -13, 12, -13, 15, -14, 17, -16, 19, -16, 19, -17, 17, -16, 11, -12, 7, -8, 4, -5, 1, 0, 0, 4, -1, 9, 0, 12, 1, 14, 2, 16, 4, 17, 6, 16, 8, 14, 8, 11, 9, 8, 9, 4, 8, 1, 6, -3, 4, -5, 2, -8, -1, -9, -3, -9, -6, -8, -7, -7, -8, -5, -8, -3, -8, -1]"
CSI_DATA,42302,2023-11-13 21:23:24.878,1,stand,d4:da:21:98:07:d9,-28,11,0,0,0,0,0,0,0,0,0,-99,0,12,2,520772186,0,37,0,104,0,"[-7, 16, -6, 12, -7, 9, -7, 5, -8, 1, -10, -3, -12, -6, -14, -8, -17, -11, -19, -12, -20, -13, -21, -13, -19, -11, -19, -11, -16, -10, -13, -11, -9, -11, -6, -12, -2, -14, 1, -17, 4, -19, 6, -22, 7, -23, 8, -26, 7, -26, 6, -24, 3, -17, 2, -12, 1, -7, 2, -2, 3, 3, 5, 7, 7, 10, 10, 11, 12, 12, 14, 11, 16, 10, 15, 7, 14, 4, 13, 1, 11, -2, 8, -4, 4, -6, 1, -7, -3, -7, -5, -6, -8, -5, -9, -3, -10, -1, -9, 1, -8, 3, -7, 4]"
CSI_DATA,42303,2023-11-13 21:23:24.886,1,stand,d4:da:21:98:07:d9,-28,11,0,0,0,0,0,0,0,0,0,-99,0,12,2,520781169,0,37,0,104,0,"[15, 12, 11, 10, 8, 9, 3, 8, -2, 8, -6, 8, -10, 9, -13, 11, -16, 12, -18, 14, -20, 16, -20, 16, -18, 15, -18, 15, -15, 12, -16, 9, -15, 6, -15, 1, -16, -3, -17, -7, -19, -10, -21, -14, -23, -15, -25, -17, -25, -17, -24, -14, -17, -10, -12, -7, -6, -5, 0, -4, 5, -4, 9, -5, 13, -6, 15, -8, 17, -11, 17, -13, 16, -15, 13, -16, 9, -15, 6, -15, 2, -13, -1, -10, -5, -8, -6, -4, -8, 0, -7, 3, -7, 6, -6, 8, -4, 9, -1, 10, 1, 9, 3, 8]"
CSI_DATA,42304,2023-11-13 21:23:24.894,1,stand,d4:da:21:98:07:d9,-28,11,0,0,0,0,0,0,0,0,0,-99,0,12,2,520792865,0,37,0,104,0,"[16, 10, 13, 8, 9, 8, 5, 7, 0, 8, -4, 9, -8, 10, -10, 12, -14, 15, -15, 16, -17, 18, -17, 19, -15, 18, -15, 18, -13, 14, -14, 12, -14, 8, -15, 4, -17, 0, -19, -3, -21, -6, -24, -9, -26, -10, -28, -12, -28, -12, -27, -10, -19, -6, -13, -5, -7, -4, -1, -4, 4, -5, 9, -8, 12, -10, 14, -12, 15, -15, 15, -17, 14, -19, 10, -19, 7, -18, 4, -17, 0, -14, -3, -11, -5, -7, -7, -2, -7, 2, -6, 5, -5, 8, -3, 10, -1, 11, 1, 10, 3, 10, 5, 8]"
CSI_DATA,42305,2023-11-13 21:23:24.910,1,stand,d4:da:21:98:07:d9,-28,11,0,0,0,0,0,0,0,0,0,-99,0,12,2,520804856,0,37,0,104,0,"[2, 17, 1, 14, -1, 11, -3, 8, -5, 4, -8, 2, -11, 0, -14, -1, -17, -2, -19, -2, -22, -3, -22, -2, -21, -2, -20, -2, -18, -2, -16, -4, -13, -6, -11, -8, -9, -12, -7, -16, -6, -18, -5, -22, -6, -24, -5, -27, -5, -27, -6, -24, -5, -17, -3, -12, -1, -7, 2, -2, 5, 1, 9, 4, 12, 6, 15, 6, 18, 6, 19, 5, 20, 3, 19, 1, 16, -2, 14, -4, 10, -5, 6, -6, 2, -6, -2, -6, -5, -4, -8, -3, -9, -1, -10, 2, -10, 3, -9, 5, -7, 6, -6, 6]"
CSI_DATA,42306,2023-11-13 21:23:24.926,1,stand,d4:da:21:98:07:d9,-29,11,0,0,0,0,0,0,0,0,0,-99,0,12,2,520822856,0,37,0,104,0,"[10, 13, 9, 12, 5, 10, 2, 8, -2, 6, -6, 6, -10, 6, -13, 6, -16, 7, -18, 8, -21, 9, -21, 9, -19, 9, -19, 9, -17, 7, -16, 4, -15, 1, -13, -3, -13, -7, -14, -11, -14, -14, -15, -19, -16, -20, -17, -23, -17, -23, -17, -21, -12, -14, -9, -10, -5, -6, 1, -3, 5, -1, 10, 1, 14, 1, 17, 0, 20, -1, 20, -3, 21, -4, 19, -6, 15, -8, 13, -9, 8, -9, 4, -8, 0, -7, -4, -5, -7, -3, -8, 0, -9, 2, -10, 4, -9, 6, -8, 7, -6, 8, -3, 8]"
CSI_DATA,42307,2023-11-13 21:23:24.942,1,stand,d4:da:21:98:07:d9,-28,11,0,0,0,0,0,0,0,0,0,-99,0,12,2,520833066,0,37,0,104,0,"[10, 14, 7, 12, 4, 10, 1, 8, -3, 7, -7, 6, -11, 6, -13, 6, -17, 7, -19, 7, -21, 8, -21, 9, -19, 9, -19, 8, -17, 6, -16, 3, -14, 0, -13, -4, -12, -7, -13, -12, -13, -15, -14, -19, -15, -21, -16, -24, -16, -24, -16, -21, -12, -15, -9, -11, -4, -6, 0, -3, 5, 0, 9, 1, 14, 2, 16, 1, 19, 0, 21, -1, 21, -3, 19, -5, 16, -7, 13, -8, 9, -8, 5, -8, 1, -8, -3, -6, -6, -4, -8, -1, -10, 1, -10, 3, -10, 5, -8, 6, -6, 7, -4, 8]"
CSI_DATA,42308,2023-11-13 21:23:24.949,1,stand,d4:da:21:98:07:d9,-28,11,0,0,0,0,0,0,0,0,0,-99,0,12,2,520844872,0,37,0,104,0,"[-6, 16, -5, 13, -6, 10, -7, 6, -8, 2, -10, -2, -12, -5, -14, -7, -16, -9, -18, -10, -20, -11, -20, -11, -19, -10, -18, -10, -15, -10, -12, -11, -9, -11, -5, -12, -1, -15, 2, -17, 5, -19, 8, -22, 8, -24, 10, -27, 10, -26, 8, -25, 5, -18, 3, -12, 2, -7, 1, -1, 2, 4, 3, 9, 5, 13, 7, 15, 9, 17, 11, 17, 13, 17, 13, 14, 13, 10, 13, 8, 11, 4, 9, 0, 7, -3, 3, -6, 0, -8, -3, -8, -5, -8, -7, -7, -9, -6, -9, -4, -10, -2, -9, 0]"
CSI_DATA,42309,2023-11-13 21:23:24.958,1,stand,d4:da:21:98:07:d9,-28,11,0,0,0,0,0,0,0,0,0,-99,0,12,2,520853664,0,37,0,104,0,"[18, -3, 15, -1, 12, 1, 8, 4, 5, 7, 2, 10, 0, 14, -1, 16, -2, 19, -3, 22, -3, 24, -3, 24, -3, 22, -4, 21, -5, 18, -7, 15, -9, 11, -12, 8, -15, 5, -20, 2, -23, 0, -27, -1, -29, -2, -32, -3, -32, -3, -29, -2, -20, 0, -15, 0, -8, -1, -2, -2, 4, -4, 9, -7, 12, -10, 14, -13, 16, -16, 16, -18, 15, -20, 12, -20, 8, -19, 5, -18, 1, -15, -2, -13, -6, -9, -7, -5, -9, -1, -9, 3, -8, 6, -7, 8, -5, 9, -3, 10, 0, 10, 2, 9]"
CSI_DATA,42310,2023-11-13 21:23:24.973,1,stand,d4:da:21:98:07:d9,-28,11,0,0,0,0,0,0,0,0,0,-99,0,12,2,520864860,0,37,0,104,0,"[-14, -7, -11, -7, -7, -7, -4, -8, 0, -8, 4, -9, 6, -11, 9, -12, 11, -14, 12, -14, 14, -16, 14, -16, 13, -14, 13, -13, 11, -10, 11, -7, 11, -4, 11, 0, 12, 4, 13, 8, 14, 11, 16, 15, 17, 16, 18, 19, 18, 19, 17, 17, 12, 11, 9, 7, 4, 4, 0, 1, -5, -1, -10, -2, -14, -2, -17, -2, -19, -1, -21, 0, -22, 2, -20, 4, -17, 5, -15, 7, -11, 8, -7, 8, -3, 8, 0, 7, 3, 5, 6, 3, 7, 1, 8, -1, 8, -3, 8, -5, 7, -6, 5, -8]"
CSI_DATA,42311,2023-11-13 21:23:24.980,1,stand,d4:da:21:98:07:d9,-27,11,0,0,0,0,0,0,0,0,0,-99,0,12,2,520880488,0,37,0,104,0,"[14, -3, 11, -2, 8, 1, 5, 3, 3, 6, 0, 9, -2, 12, -3, 14, -4, 17, -4, 19, -5, 21, -5, 21, -4, 19, -5, 18, -5, 14, -7, 12, -8, 9, -10, 6, -13, 3, -17, 0, -19, -2, -23, -4, -25, -5, -27, -7, -27, -6, -25, -5, -18, -3, -13, -3, -8, -2, -2, -3, 3, -4, 8, -5, 11, -7, 14, -9, 15, -12, 16, -14, 16, -15, 13, -16, 10, -16, 8, -15, 4, -14, 1, -12, -2, -9, -5, -6, -6, -3, -7, 0, -7, 3, -7, 6, -6, 8, -4, 9, -2, 9, 0, 9]"
CSI_DATA,42312,2023-11-13 21:23:24.989,1,stand,d4:da:21:98:07:d9,-27,11,0,0,0,0,0,0,0,0,0,-99,0,12,2,520892932,0,37,0,104,0,"[17, 7, 13, 6, 8, 6, 4, 6, -2, 7, -7, 8, -11, 10, -14, 12, -17, 14, -19, 16, -21, 18, -21, 19, -18, 17, -18, 16, -16, 13, -16, 9, -15, 5, -15, -1, -15, -6, -17, -11, -18, -15, -20, -20, -22, -22, -24, -26, -24, -26, -23, -23, -17, -17, -12, -13, -7, -8, -1, -5, 5, -2, 11, 0, 17, 0, 21, 0, 24, -1, 26, -3, 27, -4, 25, -7, 22, -9, 19, -10, 14, -10, 10, -11, 5, -10, 0, -8, -4, -6, -8, -4, -10, -1, -11, 2, -12, 5, -11, 7, -9, 9, -7, 10]"
CSI_DATA,42313,2023-11-13 21:23:25.011,1,stand,d4:da:21:98:07:d9,-28,11,0,0,0,0,0,0,0,0,0,-99,0,12,2,520904855,0,37,0,104,0,"[-17, 1, -14, 0, -10, -1, -7, -3, -3, -5, 0, -8, 3, -11, 4, -14, 6, -17, 7, -20, 7, -22, 7, -22, 5, -21, 6, -20, 5, -17, 6, -15, 7, -11, 9, -8, 11, -4, 14, -1, 17, 1, 20, 3, 23, 4, 26, 6, 26, 6, 24, 5, 18, 3, 13, 3, 7, 2, 2, 3, -3, 4, -8, 5, -12, 7, -14, 9, -16, 12, -16, 14, -16, 15, -14, 16, -10, 15, -8, 14, -5, 12, -2, 10, 1, 7, 3, 4, 5, 0, 5, -3, 5, -6, 4, -8, 3, -10, 1, -11, 0, -11, -2, -10]"
CSI_DATA,42314,2023-11-13 21:23:25.021,1,stand,d4:da:21:98:07:d9,-28,11,0,0,0,0,0,0,0,0,0,-99,0,12,2,520915459,0,37,0,104,0,"[-6, -20, -5, -16, -3, -12, 0, -9, 3, -5, 8, -2, 12, 0, 16, 1, 19, 1, 22, 2, 26, 2, 26, 1, 24, 0, 23, 0, 20, 0, 18, 2, 15, 3, 12, 6, 9, 10, 8, 14, 7, 18, 6, 22, 6, 24, 5, 28, 6, 29, 6, 27, 5, 20, 3, 15, 1, 9, -3, 4, -7, 0, -11, -4, -15, -6, -18, -7, -21, -7, -24, -6, -24, -5, -23, -3, -21, 0, -19, 2, -14, 4, -10, 5, -6, 5, -1, 5, 3, 4, 6, 2, 8, 0, 10, -2, 10, -5, 10, -7, 9, -9, 6, -9]"
CSI_DATA,42315,2023-11-13 21:23:25.021,1,stand,d4:da:21:98:07:d9,-28,11,0,0,0,0,0,0,0,0,0,-99,0,12,2,520924862,0,37,0,104,0,"[18, -2, 15, -1, 11, 0, 7, 1, 3, 4, 0, 7, -3, 10, -4, 13, -5, 16, -6, 19, -6, 22, -5, 23, -4, 21, -4, 21, -3, 18, -5, 16, -6, 13, -8, 10, -10, 8, -14, 6, -17, 5, -20, 3, -22, 4, -26, 3, -26, 3, -25, 4, -18, 3, -14, 1, -9, 0, -4, -3, -1, -6, 2, -10, 4, -13, 5, -16, 5, -18, 4, -20, 3, -21, 0, -20, -2, -17, -4, -16, -5, -12, -6, -8, -6, -4, -5, 0, -4, 3, -2, 5, 0, 7, 2, 8, 4, 8, 6, 8, 7, 6, 8, 5]"
CSI_DATA,42316,2023-11-13 21:23:25.053,1,stand,d4:da:21:98:07:d9,-28,11,0,0,0,0,0,0,0,0,0,-99,0,12,2,520959580,0,37,0,104,0,"[17, 6, 14, 5, 10, 4, 6, 5, 1, 6, -3, 7, -6, 10, -8, 12, -10, 15, -11, 18, -12, 20, -11, 21, -9, 20, -9, 21, -7, 18, -8, 16, -8, 13, -9, 10, -11, 7, -14, 5, -17, 3, -20, 1, -22, 1, -25, 0, -26, 0, -24, 1, -18, 0, -14, -1, -10, -2, -5, -4, -2, -7, 1, -10, 2, -13, 3, -15, 2, -18, 1, -19, 0, -20, -2, -18, -4, -16, -6, -14, -7, -10, -7, -7, -7, -3, -5, 0, -3, 3, -1, 5, 2, 6, 4, 7, 6, 7, 7, 5, 8, 4, 9, 2]"
CSI_DATA,42317,2023-11-13 21:23:25.074,1,stand,d4:da:21:98:07:d9,-29,11,0,0,0,0,0,0,0,0,0,-99,0,12,2,520969078,0,37,0,104,0,"[-17, 11, -14, 9, -12, 6, -9, 3, -7, -2, -6, -7, -6, -12, -7, -15, -8, -19, -10, -21, -12, -24, -14, -24, -14, -21, -15, -21, -13, -18, -12, -17, -9, -16, -5, -14, -1, -15, 2, -16, 6, -17, 9, -19, 10, -21, 13, -23, 13, -23, 12, -22, 9, -17, 8, -12, 6, -8, 6, -2, 7, 2, 8, 6, 10, 9, 12, 11, 14, 11, 16, 11, 17, 10, 17, 7, 15, 4, 15, 1, 11, -2, 8, -4, 5, -5, 1, -5, -3, -5, -6, -3, -8, -2, -10, 0, -11, 2, -10, 4, -9, 6, -7, 7]"
CSI_DATA,42318,2023-11-13 21:23:25.085,1,stand,d4:da:21:98:07:d9,-29,11,0,0,0,0,0,0,0,0,0,-99,0,12,2,520980977,0,37,0,104,0,"[-16, -14, -14, -12, -10, -10, -6, -9, -1, -8, 4, -8, 8, -9, 11, -10, 14, -13, 16, -15, 18, -17, 18, -18, 16, -18, 15, -19, 13, -17, 13, -15, 12, -12, 12, -9, 14, -5, 15, -2, 17, 0, 20, 3, 22, 4, 24, 6, 24, 6, 23, 5, 16, 4, 11, 4, 6, 4, 2, 5, -2, 7, -5, 9, -7, 12, -8, 14, -8, 17, -7, 18, -5, 19, -2, 18, 0, 16, 3, 14, 4, 10, 5, 7, 6, 3, 5, -1, 3, -4, 1, -7, -1, -9, -3, -10, -5, -10, -7, -9, -9, -7, -9, -5]"
CSI_DATA,42319,2023-11-13 21:23:25.105,1,stand,d4:da:21:98:07:d9,-29,11,0,0,0,0,0,0,0,0,0,-99,0,12,2,521000744,0,37,0,104,0,"[-19, -6, -16, -5, -12, -6, -8, -7, -4, -8, -1, -9, 2, -12, 4, -14, 6, -16, 7, -19, 9, -20, 8, -21, 7, -20, 7, -20, 6, -17, 8, -15, 9, -12, 10, -10, 13, -7, 15, -5, 18, -4, 21, -2, 22, -2, 24, -1, 24, -1, 22, -2, 15, -2, 10, -1, 5, 0, 0, 2, -3, 5, -6, 8, -8, 11, -8, 13, -8, 16, -6, 18, -5, 19, -2, 18, 1, 16, 3, 14, 5, 11, 6, 7, 7, 3, 6, 0, 5, -4, 3, -6, 2, -8, 0, -9, -3, -10, -4, -9, -6, -8, -7, -6]"
CSI_DATA,42320,2023-11-13 21:23:25.132,1,stand,d4:da:21:98:07:d9,-28,11,0,0,0,0,0,0,0,0,0,-99,0,12,2,521025446,0,37,0,104,0,"[0, -18, 1, -14, 2, -11, 3, -7, 6, -4, 8, 0, 11, 2, 14, 3, 16, 5, 19, 5, 21, 6, 21, 5, 20, 4, 20, 5, 17, 5, 14, 6, 11, 7, 8, 9, 6, 12, 3, 15, 1, 18, -1, 21, 0, 23, -2, 26, -2, 26, -1, 24, 0, 17, -1, 13, -1, 7, -3, 2, -5, -2, -7, -6, -10, -9, -12, -10, -15, -11, -17, -11, -19, -10, -19, -7, -17, -4, -17, -2, -14, 1, -11, 3, -8, 5, -4, 5, -1, 6, 2, 5, 5, 4, 7, 2, 8, 1, 8, -1, 8, -3, 6, -4]"
CSI_DATA,42321,2023-11-13 21:23:25.136,1,stand,d4:da:21:98:07:d9,-28,11,0,0,0,0,0,0,0,0,0,-99,0,12,2,521036999,0,37,0,104,0,"[4, 16, 3, 13, 1, 10, -2, 7, -5, 4, -8, 2, -12, 0, -15, 0, -18, 0, -21, 0, -23, 0, -24, 1, -22, 1, -22, 2, -19, 1, -18, 0, -15, -2, -13, -5, -11, -9, -10, -13, -10, -16, -10, -20, -10, -22, -10, -25, -10, -25, -11, -23, -8, -17, -6, -13, -3, -8, 1, -5, 5, -2, 9, 0, 12, 1, 15, 1, 18, 0, 20, -1, 20, -3, 18, -5, 16, -6, 14, -8, 10, -9, 6, -9, 3, -9, -1, -7, -4, -5, -6, -3, -7, 0, -8, 2, -8, 4, -7, 6, -5, 7, -3, 7]"
CSI_DATA,42322,2023-11-13 21:23:25.164,1,stand,d4:da:21:98:07:d9,-29,11,0,0,0,0,0,0,0,0,0,-99,0,12,2,521057070,0,37,0,104,0,"[-17, 7, -14, 6, -11, 4, -9, 1, -6, -2, -4, -6, -4, -10, -4, -13, -4, -17, -5, -19, -6, -22, -7, -22, -8, -21, -8, -21, -7, -18, -6, -18, -3, -16, -1, -15, 3, -14, 6, -14, 9, -15, 13, -16, 14, -17, 17, -18, 17, -18, 16, -18, 11, -13, 9, -9, 6, -5, 5, 0, 4, 4, 4, 8, 5, 11, 6, 13, 8, 15, 10, 15, 12, 15, 13, 12, 12, 9, 13, 7, 11, 3, 9, 0, 6, -3, 3, -4, 0, -5, -3, -5, -6, -5, -8, -4, -9, -3, -9, -1, -9, 1, -8, 3]"
CSI_DATA,42323,2023-11-13 21:23:25.180,1,stand,d4:da:21:98:07:d9,-29,11,0,0,0,0,0,0,0,0,0,-99,0,12,2,521078450,0,37,0,104,0,"[10, -14, 8, -12, 7, -9, 6, -6, 6, -3, 6, 1, 7, 4, 8, 6, 10, 9, 11, 10, 13, 11, 14, 12, 13, 10, 14, 10, 12, 10, 11, 10, 9, 10, 6, 11, 4, 12, 2, 14, 0, 15, -1, 17, -2, 19, -2, 20, -2, 20, -2, 19, -2, 13, -2, 9, -2, 5, -4, 1, -6, -2, -8, -5, -11, -6, -13, -6, -15, -6, -16, -5, -17, -3, -16, -1, -14, 1, -13, 3, -10, 4, -7, 5, -4, 5, -1, 5, 2, 3, 4, 2, 6, 0, 6, -2, 6, -4, 6, -5, 4, -6, 3, -7]"
CSI_DATA,42324,2023-11-13 21:23:25.211,1,stand,d4:da:21:98:07:d9,-28,11,0,0,0,0,0,0,0,0,0,-99,0,12,2,521104966,0,37,0,104,0,"[-15, -12, -13, -11, -9, -10, -5, -10, -1, -10, 3, -10, 6, -11, 9, -13, 11, -14, 13, -15, 15, -17, 15, -18, 13, -17, 14, -16, 13, -14, 14, -12, 14, -9, 15, -6, 16, -3, 19, 0, 21, 2, 23, 4, 25, 4, 27, 6, 27, 6, 25, 5, 17, 3, 12, 2, 6, 3, 0, 4, -4, 6, -8, 8, -11, 11, -12, 14, -13, 17, -12, 19, -11, 21, -8, 21, -4, 19, -2, 18, 1, 15, 4, 11, 5, 7, 6, 3, 5, -1, 4, -5, 3, -7, 1, -9, -1, -10, -3, -10, -5, -10, -7, -8]"
CSI_DATA,42325,2023-11-13 21:23:25.211,1,stand,d4:da:21:98:07:d9,-27,11,0,0,0,0,0,0,0,0,0,-99,0,12,2,521117132,0,37,0,104,0,"[-12, -16, -9, -14, -6, -13, -2, -11, 3, -10, 7, -9, 11, -10, 13, -10, 16, -11, 19, -13, 21, -14, 20, -14, 18, -13, 19, -13, 17, -10, 17, -7, 16, -3, 16, 0, 16, 4, 18, 8, 19, 11, 21, 15, 24, 16, 25, 18, 25, 18, 23, 16, 16, 10, 11, 8, 5, 5, -1, 4, -7, 3, -12, 4, -16, 5, -19, 7, -21, 10, -22, 13, -22, 15, -18, 17, -15, 17, -12, 17, -8, 16, -3, 13, 0, 10, 3, 7, 5, 3, 6, -2, 6, -5, 6, -8, 4, -10, 2, -12, 0, -12, -2, -11]"
CSI_DATA,42326,2023-11-13 21:23:25.230,1,stand,d4:da:21:98:07:d9,-27,11,0,0,0,0,0,0,0,0,0,-99,0,12,2,521124865,0,37,0,104,0,"[13, -8, 11, -6, 9, -3, 8, 0, 6, 3, 6, 7, 5, 10, 6, 12, 6, 15, 7, 17, 8, 18, 8, 18, 7, 16, 7, 17, 5, 14, 2, 14, 0, 13, -4, 12, -7, 12, -11, 13, -13, 13, -17, 15, -18, 16, -20, 17, -20, 17, -18, 16, -13, 11, -9, 8, -6, 4, -4, -1, -2, -6, -2, -10, -2, -14, -3, -17, -5, -19, -6, -20, -8, -20, -10, -18, -11, -16, -12, -14, -12, -9, -11, -6, -9, -3, -7, 0, -4, 3, -1, 5, 1, 6, 4, 6, 6, 6, 7, 5, 8, 3, 8, 1]"
CSI_DATA,42327,2023-11-13 21:23:25.243,1,stand,d4:da:21:98:07:d9,-27,11,0,0,0,0,0,0,0,0,0,-99,0,12,2,521135914,0,37,0,104,0,"[16, -5, 13, -3, 10, 0, 8, 3, 5, 6, 3, 9, 2, 13, 1, 15, 1, 18, 1, 20, 1, 23, 2, 23, 2, 20, 1, 20, 0, 17, -2, 15, -5, 13, -8, 11, -12, 9, -16, 8, -19, 8, -23, 8, -25, 9, -28, 8, -28, 9, -26, 10, -18, 7, -14, 5, -8, 1, -3, -2, -1, -6, 2, -11, 4, -15, 4, -18, 3, -21, 2, -23, 1, -24, -2, -23, -4, -20, -6, -19, -8, -15, -8, -11, -8, -7, -7, -3, -6, 1, -4, 4, -1, 6, 1, 8, 3, 8, 5, 8, 7, 7, 7, 5]"
CSI_DATA,42328,2023-11-13 21:23:25.261,1,stand,d4:da:21:98:07:d9,-27,11,0,0,0,0,0,0,0,0,0,-99,0,12,2,521160759,0,37,0,104,0,"[-6, -15, -4, -12, -2, -10, 1, -7, 5, -5, 8, -3, 12, -2, 14, -2, 17, -2, 20, -2, 22, -3, 22, -3, 20, -4, 19, -3, 16, -3, 15, 0, 12, 2, 10, 5, 9, 8, 8, 13, 8, 16, 8, 19, 9, 21, 9, 25, 9, 25, 9, 22, 7, 16, 5, 12, 2, 7, -1, 3, -5, 1, -9, -1, -13, -3, -16, -3, -19, -2, -21, -1, -22, 1, -20, 3, -18, 5, -17, 7, -13, 8, -9, 8, -6, 7, -2, 6, 1, 4, 4, 2, 5, -1, 7, -3, 7, -5, 6, -7, 5, -8, 3, -9]"
CSI_DATA,42329,2023-11-13 21:23:25.290,1,stand,d4:da:21:98:07:d9,-27,11,0,0,0,0,0,0,0,0,0,-99,0,12,2,521180877,0,37,0,104,0,"[-17, -4, -13, -3, -10, -4, -6, -5, -2, -7, 2, -9, 5, -11, 7, -14, 8, -17, 9, -18, 11, -21, 10, -21, 9, -20, 9, -20, 7, -17, 8, -14, 9, -11, 10, -7, 12, -4, 15, -1, 17, 1, 21, 4, 23, 4, 26, 6, 26, 6, 24, 5, 17, 3, 12, 3, 7, 2, 2, 3, -3, 5, -7, 6, -10, 9, -12, 11, -12, 14, -12, 16, -12, 18, -9, 18, -6, 17, -4, 17, -1, 14, 1, 11, 3, 8, 4, 4, 4, 0, 3, -3, 3, -6, 1, -8, 0, -9, -2, -10, -4, -10, -5, -9]"
CSI_DATA,42330,2023-11-13 21:23:25.306,1,stand,d4:da:21:98:07:d9,-28,11,0,0,0,0,0,0,0,0,0,-99,0,12,2,521196900,0,37,0,104,0,"[13, 11, 10, 8, 7, 7, 3, 6, -2, 5, -6, 5, -10, 6, -13, 7, -17, 8, -19, 10, -21, 11, -21, 12, -19, 12, -19, 11, -16, 9, -16, 7, -14, 4, -14, 0, -13, -4, -14, -8, -15, -12, -16, -15, -18, -17, -19, -20, -19, -20, -18, -18, -13, -13, -9, -10, -5, -7, 0, -4, 5, -3, 9, -2, 13, -2, 15, -3, 18, -5, 19, -7, 19, -9, 17, -11, 14, -11, 12, -12, 8, -12, 5, -10, 2, -9, -2, -6, -4, -4, -5, -1, -7, 2, -7, 4, -7, 7, -5, 8, -4, 9, -2, 9]"
CSI_DATA,42331,2023-11-13 21:23:25.306,1,stand,d4:da:21:98:07:d9,-28,11,0,0,0,0,0,0,0,0,0,-99,0,12,2,521204863,0,37,0,104,0,"[15, -15, 12, -12, 10, -8, 8, -4, 6, 2, 5, 7, 5, 11, 6, 15, 6, 19, 8, 22, 10, 25, 10, 25, 11, 23, 10, 23, 8, 20, 5, 19, 2, 16, -2, 15, -7, 14, -11, 14, -15, 14, -20, 15, -21, 17, -25, 18, -25, 18, -23, 17, -17, 12, -12, 8, -8, 4, -4, -2, -2, -7, -1, -12, 0, -16, -1, -19, -3, -22, -5, -23, -7, -24, -9, -22, -11, -19, -12, -17, -12, -12, -11, -8, -10, -4, -8, 0, -5, 3, -1, 5, 1, 7, 4, 8, 7, 7, 9, 6, 10, 4, 10, 2]"
CSI_DATA,42332,2023-11-13 21:23:25.324,1,stand,d4:da:21:98:07:d9,-28,11,0,0,0,0,0,0,0,0,0,-99,0,12,2,521218377,0,37,0,104,0,"[-19, 0, -16, -1, -12, -2, -8, -3, -4, -6, 0, -8, 3, -11, 5, -14, 6, -17, 7, -20, 8, -22, 7, -23, 6, -22, 6, -22, 6, -18, 7, -16, 8, -13, 9, -10, 12, -6, 15, -4, 17, -2, 21, 0, 23, 0, 26, 1, 26, 1, 24, 0, 17, 0, 12, 0, 7, 1, 1, 2, -3, 4, -7, 6, -10, 9, -11, 12, -11, 14, -11, 17, -9, 18, -6, 18, -4, 17, -1, 16, 1, 13, 3, 10, 4, 6, 5, 3, 4, -1, 3, -4, 3, -7, 1, -9, -1, -9, -3, -10, -4, -9, -6, -8]"
CSI_DATA,42333,2023-11-13 21:23:25.354,1,stand,d4:da:21:98:07:d9,-28,11,0,0,0,0,0,0,0,0,0,-99,0,12,2,521244881,0,37,0,104,0,"[18, 5, 14, 4, 10, 5, 6, 5, 1, 6, -3, 7, -6, 10, -9, 12, -12, 15, -13, 17, -14, 19, -14, 20, -12, 19, -12, 19, -10, 16, -11, 14, -11, 10, -12, 7, -13, 3, -16, 0, -18, -3, -21, -5, -23, -6, -26, -7, -26, -7, -25, -7, -18, -4, -14, -4, -8, -3, -3, -3, 2, -4, 6, -6, 9, -8, 11, -10, 12, -13, 12, -15, 11, -17, 8, -17, 5, -17, 3, -16, 1, -14, -2, -11, -4, -8, -5, -4, -6, -1, -5, 2, -4, 5, -3, 7, -1, 8, 0, 8, 2, 8, 4, 7]"
CSI_DATA,42334,2023-11-13 21:23:25.355,1,stand,d4:da:21:98:07:d9,-28,11,0,0,0,0,0,0,0,0,0,-99,0,12,2,521256862,0,37,0,104,0,"[16, 9, 13, 7, 9, 6, 5, 6, 0, 6, -4, 7, -8, 8, -11, 10, -14, 13, -15, 15, -17, 17, -16, 18, -14, 17, -14, 18, -12, 15, -13, 13, -12, 10, -12, 6, -13, 3, -16, 0, -18, -3, -21, -6, -23, -7, -26, -8, -26, -8, -25, -7, -18, -5, -14, -4, -9, -3, -3, -4, 1, -5, 5, -7, 8, -9, 10, -11, 11, -14, 11, -16, 10, -18, 7, -18, 4, -17, 1, -16, -1, -13, -3, -11, -4, -7, -5, -4, -5, 0, -4, 3, -3, 5, -1, 7, 0, 8, 2, 8, 4, 7, 5, 6]"
CSI_DATA,42335,2023-11-13 21:23:25.370,1,stand,d4:da:21:98:07:d9,-28,11,0,0,0,0,0,0,0,0,0,-99,0,12,2,521264871,0,37,0,104,0,"[-15, 16, -12, 13, -10, 9, -9, 4, -8, -1, -8, -7, -9, -12, -11, -15, -13, -19, -14, -21, -16, -23, -18, -23, -18, -21, -18, -21, -16, -18, -13, -18, -10, -16, -5, -15, 0, -16, 4, -17, 7, -19, 11, -22, 13, -24, 16, -27, 16, -27, 15, -27, 10, -20, 8, -15, 5, -9, 4, -3, 4, 2, 5, 8, 6, 12, 8, 14, 11, 16, 13, 17, 15, 16, 16, 14, 16, 10, 17, 7, 14, 4, 12, 1, 8, -2, 4, -4, 1, -6, -3, -5, -6, -5, -9, -4, -10, -3, -11, -1, -11, 1, -10, 3]"
CSI_DATA,42336,2023-11-13 21:23:25.390,1,stand,d4:da:21:98:07:d9,-28,11,0,0,0,0,0,0,0,0,0,-99,0,12,2,521286458,0,37,0,104,0,"[19, 3, 15, 3, 11, 3, 7, 4, 2, 5, -2, 8, -6, 11, -8, 14, -10, 17, -10, 20, -11, 23, -10, 24, -8, 23, -8, 23, -7, 20, -8, 18, -8, 14, -10, 11, -12, 7, -16, 4, -19, 2, -23, 0, -25, 1, -29, 0, -29, 0, -28, 1, -21, 1, -16, 0, -11, -1, -5, -3, -1, -6, 3, -9, 5, -12, 6, -15, 6, -18, 5, -20, 4, -21, 1, -20, -1, -18, -3, -17, -5, -13, -6, -10, -6, -6, -5, -2, -4, 1, -2, 4, 0, 6, 2, 7, 4, 7, 6, 7, 7, 5, 7, 4]"
CSI_DATA,42337,2023-11-13 21:23:25.418,1,stand,d4:da:21:98:07:d9,-28,11,0,0,0,0,0,0,0,0,0,-99,0,12,2,521308874,0,37,0,104,0,"[-14, -12, -12, -10, -8, -8, -5, -7, 0, -6, 5, -6, 9, -8, 11, -9, 15, -11, 16, -13, 18, -15, 18, -17, 16, -17, 15, -17, 13, -15, 13, -13, 12, -10, 12, -6, 12, -2, 14, 1, 16, 4, 19, 7, 21, 8, 24, 11, 24, 11, 23, 10, 18, 7, 14, 6, 8, 4, 3, 4, -2, 5, -7, 6, -10, 8, -12, 10, -13, 12, -13, 14, -13, 16, -10, 16, -7, 15, -5, 15, -2, 12, 0, 9, 2, 6, 3, 3, 3, -1, 3, -4, 2, -6, 0, -8, -2, -9, -3, -9, -5, -8, -6, -7]"
CSI_DATA,42338,2023-11-13 21:23:25.418,1,stand,d4:da:21:98:07:d9,-28,11,0,0,0,0,0,0,0,0,0,-99,0,12,2,521316868,0,37,0,104,0,"[-4, -18, -3, -15, -2, -11, 0, -8, 3, -4, 7, -2, 11, 0, 14, 1, 17, 2, 20, 1, 23, 0, 24, -1, 22, -2, 22, -3, 19, -2, 18, -1, 15, 1, 12, 3, 10, 7, 9, 11, 8, 14, 8, 19, 9, 20, 10, 24, 10, 25, 10, 23, 8, 18, 5, 14, 3, 9, -2, 5, -5, 2, -9, 0, -13, -2, -16, -2, -18, -1, -20, 1, -20, 3, -19, 4, -16, 6, -15, 7, -11, 7, -7, 7, -4, 6, 0, 4, 2, 2, 4, -1, 5, -3, 6, -5, 5, -7, 4, -8, 2, -9, 1, -9]"
CSI_DATA,42339,2023-11-13 21:23:25.442,1,stand,d4:da:21:98:07:d9,-28,11,0,0,0,0,0,0,0,0,0,-99,0,12,2,521332877,0,37,0,104,0,"[12, 13, 10, 11, 7, 9, 3, 7, -2, 5, -6, 5, -11, 5, -14, 6, -18, 8, -20, 9, -22, 12, -22, 13, -20, 13, -19, 14, -17, 12, -16, 10, -14, 7, -14, 3, -14, -1, -15, -5, -17, -9, -19, -13, -21, -14, -24, -17, -24, -17, -24, -16, -18, -12, -14, -10, -9, -7, -3, -6, 2, -5, 7, -6, 12, -7, 14, -8, 16, -10, 17, -12, 16, -14, 14, -15, 10, -15, 8, -15, 5, -13, 2, -11, -1, -8, -3, -4, -4, -1, -4, 2, -4, 5, -3, 7, -2, 8, 0, 9, 2, 9, 3, 8]"
CSI_DATA,42340,2023-11-13 21:23:25.458,1,stand,d4:da:21:98:07:d9,-28,11,0,0,0,0,0,0,0,0,0,-99,0,12,2,521351906,0,37,0,104,0,"[13, 12, 11, 10, 7, 8, 4, 6, -1, 5, -5, 5, -10, 6, -13, 7, -16, 9, -18, 11, -20, 13, -20, 15, -17, 15, -17, 15, -15, 14, -14, 11, -13, 9, -13, 5, -14, 1, -15, -3, -17, -6, -20, -10, -22, -11, -25, -13, -26, -14, -26, -12, -20, -9, -15, -7, -10, -6, -4, -5, 1, -6, 6, -7, 10, -8, 12, -10, 14, -12, 14, -14, 14, -16, 12, -17, 8, -16, 6, -16, 3, -13, 0, -11, -2, -7, -3, -4, -4, 0, -4, 3, -3, 5, -2, 7, 0, 8, 1, 8, 3, 8, 4, 6]"
CSI_DATA,42341,2023-11-13 21:23:25.480,1,stand,d4:da:21:98:07:d9,-28,11,0,0,0,0,0,0,0,0,0,-99,0,12,2,521373061,0,37,0,104,0,"[8, 15, 6, 13, 4, 10, 1, 7, -3, 5, -7, 3, -11, 2, -14, 2, -18, 3, -20, 4, -23, 6, -23, 7, -21, 8, -21, 8, -18, 7, -17, 5, -15, 3, -13, -1, -13, -5, -13, -9, -14, -12, -15, -17, -17, -18, -19, -21, -19, -22, -19, -21, -15, -16, -12, -12, -8, -9, -2, -6, 2, -5, 7, -3, 12, -3, 15, -4, 17, -5, 18, -7, 19, -9, 17, -10, 14, -11, 12, -11, 8, -10, 5, -9, 2, -7, -1, -5, -3, -2, -4, 1, -5, 3, -5, 5, -4, 7, -2, 8, -1, 8, 1, 7]"
CSI_DATA,42342,2023-11-13 21:23:25.490,1,stand,d4:da:21:98:07:d9,-28,11,0,0,0,0,0,0,0,0,0,-99,0,12,2,521389105,0,37,0,104,0,"[17, 2, 14, 2, 10, 2, 7, 3, 2, 4, -1, 6, -4, 9, -6, 12, -7, 15, -8, 18, -8, 21, -7, 22, -6, 21, -5, 21, -4, 18, -5, 16, -6, 13, -8, 10, -10, 7, -14, 6, -17, 4, -22, 3, -24, 3, -28, 2, -29, 3, -28, 4, -21, 4, -17, 3, -12, 1, -6, -1, -2, -4, 1, -8, 4, -12, 5, -15, 5, -18, 5, -20, 4, -21, 2, -20, -1, -18, -2, -17, -4, -14, -5, -10, -5, -6, -4, -3, -3, 1, -2, 3, 0, 5, 2, 6, 3, 6, 5, 5, 6, 4, 6, 3]"
CSI_DATA,42343,2023-11-13 21:23:25.511,1,stand,d4:da:21:98:07:d9,-28,11,0,0,0,0,0,0,0,0,0,-99,0,12,2,521404871,0,37,0,104,0,"[8, -18, 7, -15, 6, -11, 5, -7, 5, -2, 7, 2, 9, 6, 11, 9, 13, 11, 16, 13, 19, 14, 20, 13, 19, 11, 20, 11, 17, 9, 15, 10, 12, 9, 8, 10, 4, 13, 1, 16, -1, 18, -4, 22, -4, 25, -6, 29, -6, 30, -5, 29, -3, 23, -2, 18, -2, 12, -3, 6, -5, 0, -7, -4, -10, -8, -13, -10, -16, -12, -18, -12, -20, -11, -20, -9, -19, -6, -18, -4, -15, -1, -12, 1, -8, 2, -4, 3, -1, 3, 2, 2, 5, 1, 7, -1, 7, -2, 7, -4, 6, -5, 5, -6]"
CSI_DATA,42344,2023-11-13 21:23:25.537,1,stand,d4:da:21:98:07:d9,-28,11,0,0,0,0,0,0,0,0,0,-99,0,12,2,521430524,0,37,0,104,0,"[1, 18, 1, 15, -1, 11, -2, 8, -5, 4, -8, 1, -11, -1, -14, -2, -18, -3, -20, -3, -23, -2, -24, -1, -23, 1, -23, 1, -20, 1, -18, -1, -16, -2, -13, -5, -11, -8, -10, -12, -10, -16, -10, -20, -12, -22, -12, -26, -13, -27, -14, -25, -12, -19, -9, -15, -6, -11, -2, -7, 2, -4, 7, -2, 11, 0, 14, 0, 18, -1, 19, -3, 20, -4, 19, -6, 16, -8, 15, -9, 11, -8, 7, -8, 4, -7, 1, -5, -2, -3, -4, -1, -5, 1, -5, 4, -5, 5, -4, 7, -3, 7, -1, 7]"
CSI_DATA,42345,2023-11-13 21:23:25.553,1,stand,d4:da:21:98:07:d9,-28,11,0,0,0,0,0,0,0,0,0,-99,0,12,2,521447251,0,37,0,104,0,"[-17, 6, -14, 5, -12, 3, -9, 0, -6, -3, -4, -7, -3, -11, -3, -14, -4, -17, -4, -20, -6, -22, -7, -23, -8, -21, -8, -21, -7, -18, -5, -17, -3, -15, 0, -14, 3, -13, 7, -13, 11, -14, 14, -15, 16, -17, 19, -19, 19, -20, 18, -20, 13, -16, 10, -13, 7, -9, 5, -4, 3, 1, 3, 6, 3, 10, 4, 13, 6, 15, 8, 17, 10, 17, 11, 15, 11, 12, 12, 10, 11, 7, 9, 4, 7, 1, 4, -1, 2, -3, -1, -4, -4, -4, -6, -4, -7, -3, -8, -1, -8, 0, -8, 2]"
CSI_DATA,42346,2023-11-13 21:23:25.553,1,stand,d4:da:21:98:07:d9,-28,11,0,0,0,0,0,0,0,0,0,-99,0,12,2,521456871,0,37,0,104,0,"[17, 8, 14, 7, 10, 6, 6, 6, 1, 6, -3, 7, -7, 9, -9, 11, -12, 14, -13, 16, -14, 19, -14, 20, -11, 19, -11, 20, -10, 17, -11, 15, -10, 12, -11, 8, -13, 5, -16, 2, -19, 0, -23, -2, -25, -2, -29, -4, -29, -4, -28, -2, -22, -1, -18, -1, -12, -1, -7, -2, -2, -5, 2, -7, 5, -11, 7, -13, 8, -16, 8, -19, 7, -20, 4, -20, 2, -19, 0, -18, -2, -14, -4, -11, -5, -7, -5, -4, -4, 0, -3, 2, -1, 5, 0, 6, 2, 7, 4, 6, 5, 5, 6, 4]"
CSI_DATA,42347,2023-11-13 21:23:25.574,1,stand,d4:da:21:98:07:d9,-28,11,0,0,0,0,0,0,0,0,0,-99,0,12,2,521466392,0,37,0,104,0,"[-13, -14, -11, -12, -8, -10, -5, -8, 0, -7, 4, -7, 8, -7, 10, -8, 13, -10, 15, -12, 17, -14, 17, -15, 15, -15, 15, -15, 13, -14, 13, -12, 12, -9, 12, -6, 13, -2, 14, 1, 16, 4, 19, 7, 21, 8, 24, 10, 25, 10, 24, 9, 19, 5, 15, 4, 10, 3, 4, 3, 0, 4, -5, 5, -8, 7, -10, 9, -12, 12, -12, 14, -11, 16, -9, 16, -6, 15, -5, 15, -2, 13, 0, 10, 2, 7, 3, 3, 3, 0, 2, -3, 1, -5, 0, -7, -2, -8, -3, -8, -5, -7, -6, -6]"
CSI_DATA,42348,2023-11-13 21:23:25.574,1,stand,d4:da:21:98:07:d9,-28,11,0,0,0,0,0,0,0,0,0,-99,0,12,2,521472880,0,37,0,104,0,"[-20, -2, -16, -2, -13, -3, -9, -4, -5, -6, -2, -8, 1, -12, 2, -14, 3, -18, 4, -21, 4, -24, 3, -25, 1, -23, 1, -23, 0, -20, 2, -19, 3, -16, 5, -14, 8, -12, 12, -10, 15, -10, 19, -9, 22, -10, 26, -11, 26, -11, 24, -12, 18, -10, 14, -9, 10, -5, 6, -2, 3, 2, 1, 7, 0, 11, 0, 14, 1, 17, 2, 19, 4, 20, 6, 18, 7, 15, 9, 14, 9, 10, 8, 6, 7, 3, 5, 0, 2, -3, 0, -5, -3, -5, -5, -5, -7, -5, -8, -3, -9, -2, -8, 0]"
CSI_DATA,42349,2023-11-13 21:23:25.585,1,stand,d4:da:21:98:07:d9,-28,11,0,0,0,0,0,0,0,0,0,-99,0,12,2,521490833,0,37,0,104,0,"[16, -9, 13, -7, 11, -5, 8, -3, 6, 1, 5, 5, 5, 9, 5, 12, 6, 15, 7, 17, 9, 20, 10, 20, 10, 18, 10, 18, 9, 16, 8, 15, 5, 13, 2, 13, -2, 13, -5, 14, -8, 15, -11, 17, -12, 19, -15, 21, -15, 22, -13, 22, -9, 17, -7, 13, -5, 8, -5, 4, -5, -1, -6, -5, -7, -9, -9, -11, -11, -12, -14, -13, -16, -13, -16, -10, -16, -7, -15, -5, -13, -2, -11, 0, -8, 2, -4, 3, -1, 3, 2, 3, 4, 2, 6, 0, 7, -1, 7, -3, 6, -5, 5, -6]"
CSI_DATA,42350,2023-11-13 21:23:25.617,1,stand,d4:da:21:98:07:d9,-28,11,0,0,0,0,0,0,0,0,0,-99,0,12,2,521519938,0,37,0,104,0,"[-20, -9, -17, -8, -13, -8, -9, -8, -4, -8, 0, -10, 3, -12, 5, -15, 8, -18, 8, -21, 9, -23, 9, -25, 7, -24, 7, -24, 6, -21, 8, -19, 8, -16, 10, -12, 13, -10, 16, -7, 20, -6, 23, -4, 25, -5, 29, -5, 30, -5, 28, -6, 21, -6, 16, -4, 11, -2, 5, 0, 1, 4, -1, 8, -3, 12, -3, 16, -3, 18, -1, 20, 1, 22, 4, 20, 6, 18, 8, 16, 8, 11, 8, 8, 7, 3, 6, -1, 3, -4, 1, -6, -2, -7, -4, -7, -7, -7, -8, -5, -9, -3, -9, -1]"
CSI_DATA,42351,2023-11-13 21:23:25.636,1,stand,d4:da:21:98:07:d9,-28,11,0,0,0,0,0,0,0,0,0,-99,0,12,2,521532888,0,37,0,104,0,"[19, 2, 16, 2, 13, 2, 9, 4, 5, 5, 2, 8, 0, 11, -1, 14, -2, 17, -3, 20, -3, 23, -2, 24, -1, 22, -1, 22, -1, 20, -2, 18, -4, 16, -6, 13, -10, 12, -13, 11, -16, 11, -20, 11, -22, 12, -25, 13, -25, 14, -23, 14, -17, 11, -13, 8, -9, 5, -6, 0, -4, -4, -3, -8, -3, -12, -4, -15, -6, -18, -8, -19, -10, -19, -12, -17, -12, -13, -13, -11, -12, -7, -11, -4, -9, 0, -6, 2, -2, 4, 1, 5, 4, 5, 6, 4, 7, 3, 8, 1, 8, -2, 7, -3]"
CSI_DATA,42352,2023-11-13 21:23:25.648,1,stand,d4:da:21:98:07:d9,-28,11,0,0,0,0,0,0,0,0,0,-99,0,12,2,521544877,0,37,0,104,0,"[16, 14, 13, 12, 10, 10, 6, 9, 1, 8, -3, 9, -6, 11, -9, 12, -13, 15, -15, 16, -17, 19, -17, 20, -15, 20, -15, 20, -13, 18, -14, 15, -14, 12, -14, 8, -16, 5, -20, 2, -22, 0, -26, -2, -28, -3, -31, -4, -31, -3, -30, -2, -22, 0, -17, 0, -11, -1, -5, -3, -1, -6, 3, -9, 5, -13, 6, -16, 5, -19, 5, -21, 3, -23, 0, -22, -3, -19, -5, -18, -7, -13, -8, -9, -8, -5, -7, -1, -5, 3, -3, 5, 0, 7, 2, 8, 5, 7, 6, 6, 8, 4, 8, 2]"
CSI_DATA,42353,2023-11-13 21:23:25.668,1,stand,d4:da:21:98:07:d9,-28,11,0,0,0,0,0,0,0,0,0,-99,0,12,2,521567300,0,37,0,104,0,"[-14, -13, -12, -12, -9, -10, -6, -9, -2, -9, 2, -9, 6, -10, 8, -11, 11, -13, 13, -15, 14, -17, 14, -18, 12, -17, 12, -17, 11, -15, 12, -13, 11, -11, 12, -8, 14, -5, 16, -2, 18, 0, 21, 2, 23, 2, 26, 3, 26, 3, 24, 2, 18, 1, 13, 1, 8, 1, 3, 2, -1, 4, -4, 7, -6, 10, -7, 12, -7, 15, -6, 17, -4, 18, -1, 17, 1, 15, 3, 14, 4, 10, 5, 7, 6, 3, 5, 0, 4, -4, 2, -6, 0, -7, -3, -8, -4, -8, -6, -7, -7, -5, -8, -3]"
CSI_DATA,42354,2023-11-13 21:23:25.699,1,stand,d4:da:21:98:07:d9,-28,11,0,0,0,0,0,0,0,0,0,-99,0,12,2,521596895,0,37,0,104,0,"[-20, -9, -17, -8, -13, -8, -9, -8, -5, -9, -1, -10, 3, -13, 5, -15, 7, -18, 8, -21, 9, -23, 8, -24, 7, -23, 7, -24, 6, -21, 8, -19, 8, -16, 10, -13, 13, -11, 16, -8, 19, -7, 23, -6, 25, -7, 28, -7, 28, -7, 26, -8, 19, -6, 14, -4, 9, -2, 4, 2, 1, 6, -1, 10, -2, 13, -2, 16, -1, 19, 1, 20, 3, 20, 6, 18, 7, 15, 9, 13, 9, 8, 8, 4, 7, 0, 5, -3, 2, -6, -1, -8, -3, -8, -6, -8, -8, -7, -9, -5, -9, -2, -9, 0]"
CSI_DATA,42355,2023-11-13 21:23:25.712,1,stand,d4:da:21:98:07:d9,-28,11,0,0,0,0,0,0,0,0,0,-99,0,12,2,521612880,0,37,0,104,0,"[-1, -19, -1, -17, 0, -14, 2, -11, 4, -7, 7, -5, 11, -3, 14, -2, 17, -2, 20, -2, 22, -2, 23, -3, 21, -4, 21, -5, 19, -4, 18, -2, 16, -1, 14, 2, 14, 5, 14, 9, 14, 12, 15, 15, 16, 17, 18, 19, 18, 19, 17, 17, 12, 12, 9, 9, 4, 6, 0, 4, -5, 4, -9, 4, -12, 5, -14, 7, -15, 9, -15, 11, -14, 13, -11, 14, -8, 13, -5, 13, -2, 11, 1, 8, 3, 5, 5, 2, 5, -2, 4, -5, 3, -7, 2, -9, 0, -9, -2, -9, -4, -8, -5, -6]"
CSI_DATA,42356,2023-11-13 21:23:25.744,1,stand,d4:da:21:98:07:d9,-28,11,0,0,0,0,0,0,0,0,0,-99,0,12,2,521637690,0,37,0,104,0,"[16, 8, 13, 7, 10, 6, 6, 6, 2, 7, -1, 8, -5, 10, -6, 12, -9, 14, -10, 17, -10, 19, -10, 20, -8, 20, -8, 20, -7, 17, -9, 16, -9, 13, -10, 10, -13, 8, -15, 6, -18, 5, -21, 3, -23, 4, -26, 3, -26, 3, -24, 4, -17, 3, -13, 2, -9, 0, -4, -3, -2, -6, 1, -10, 2, -12, 1, -15, 0, -17, -1, -19, -3, -19, -5, -17, -7, -14, -8, -12, -8, -8, -8, -5, -7, -1, -5, 2, -3, 4, 0, 6, 2, 6, 4, 6, 6, 5, 7, 3, 7, 1, 7, -1]"
CSI_DATA,42357,2023-11-13 21:23:25.775,1,stand,d4:da:21:98:07:d9,-28,11,0,0,0,0,0,0,0,0,0,-99,0,12,2,521668885,0,37,0,104,0,"[2, 18, 2, 15, 0, 12, -2, 9, -5, 6, -9, 3, -12, 2, -15, 2, -19, 2, -21, 2, -24, 3, -24, 4, -23, 5, -23, 5, -20, 5, -19, 3, -17, 1, -15, -2, -15, -6, -15, -9, -15, -12, -16, -16, -17, -18, -19, -21, -19, -21, -19, -19, -14, -14, -10, -11, -6, -8, -1, -5, 4, -5, 8, -5, 11, -6, 13, -7, 14, -10, 15, -12, 14, -13, 11, -14, 8, -14, 5, -14, 2, -12, -1, -10, -4, -7, -5, -3, -6, 0, -5, 3, -5, 5, -3, 7, -1, 8, 1, 8, 2, 7, 4, 6]"
CSI_DATA,42358,2023-11-13 21:23:25.775,1,stand,d4:da:21:98:07:d9,-28,11,0,0,0,0,0,0,0,0,0,-99,0,12,2,521676883,0,37,0,104,0,"[-12, 10, -10, 8, -9, 5, -7, 3, -6, -1, -7, -5, -7, -8, -8, -10, -10, -13, -11, -14, -13, -15, -14, -15, -14, -14, -14, -13, -13, -12, -11, -12, -8, -11, -5, -11, -3, -12, 0, -14, 2, -16, 5, -18, 5, -19, 7, -22, 6, -22, 5, -21, 4, -15, 3, -12, 3, -7, 3, -3, 4, 1, 6, 4, 8, 6, 10, 7, 12, 7, 13, 6, 14, 5, 14, 3, 13, 0, 12, -1, 9, -3, 6, -4, 3, -5, 0, -5, -3, -4, -5, -3, -6, -1, -7, 0, -7, 2, -6, 3, -5, 4, -3, 5]"
CSI_DATA,42359,2023-11-13 21:23:25.807,1,stand,d4:da:21:98:07:d9,-28,11,0,0,0,0,0,0,0,0,0,-99,0,12,2,521708868,0,37,0,104,0,"[17, -4, 14, -3, 11, -2, 8, 0, 5, 4, 3, 7, 1, 11, 1, 14, 1, 18, 2, 20, 3, 23, 4, 23, 5, 21, 6, 21, 5, 18, 3, 17, 1, 15, -2, 13, -6, 12, -9, 12, -13, 12, -17, 13, -18, 14, -21, 16, -22, 16, -20, 16, -15, 12, -12, 9, -9, 5, -6, 0, -5, -4, -4, -8, -5, -12, -6, -14, -7, -16, -9, -16, -11, -16, -12, -14, -13, -11, -13, -9, -11, -5, -10, -2, -7, 1, -4, 3, -1, 4, 2, 4, 4, 4, 6, 3, 7, 1, 8, -1, 7, -2, 6, -4]"
CSI_DATA,42360,2023-11-13 21:23:25.839,1,stand,d4:da:21:98:07:d9,-27,11,0,0,0,0,0,0,0,0,0,-99,0,12,2,521732002,0,37,0,104,0,"[-2, 17, -1, 14, -2, 11, -4, 7, -6, 3, -9, 0, -12, -3, -15, -4, -18, -5, -21, -4, -24, -4, -25, -3, -23, -1, -23, -1, -20, -1, -19, -2, -16, -3, -13, -6, -11, -9, -9, -13, -9, -16, -8, -20, -9, -22, -9, -26, -10, -27, -10, -25, -8, -19, -6, -15, -3, -10, 0, -6, 4, -4, 8, -2, 11, -1, 14, -1, 16, -2, 18, -4, 18, -6, 16, -8, 13, -9, 12, -10, 8, -9, 4, -9, 1, -7, -2, -5, -4, -2, -5, 0, -6, 3, -6, 5, -4, 6, -3, 7, -1, 8, 1, 7]"
CSI_DATA,42361,2023-11-13 21:23:25.839,1,stand,d4:da:21:98:07:d9,-27,11,0,0,0,0,0,0,0,0,0,-99,0,12,2,521741407,0,37,0,104,0,"[-19, -8, -15, -7, -11, -6, -7, -6, -2, -7, 2, -9, 6, -11, 8, -14, 11, -18, 11, -21, 12, -24, 11, -25, 9, -24, 8, -24, 7, -22, 8, -19, 8, -16, 9, -12, 12, -8, 16, -6, 19, -3, 23, -1, 26, -1, 30, 0, 31, -1, 29, -2, 22, -2, 17, -1, 11, 0, 6, 3, 2, 6, -2, 9, -4, 12, -5, 15, -5, 18, -4, 20, -2, 21, 1, 20, 3, 18, 5, 16, 6, 12, 6, 8, 6, 4, 5, 0, 2, -3, 0, -6, -2, -7, -4, -8, -7, -7, -8, -6, -9, -4, -9, -2]"
CSI_DATA,42362,2023-11-13 21:23:25.855,1,stand,d4:da:21:98:07:d9,-27,11,0,0,0,0,0,0,0,0,0,-99,0,12,2,521753147,0,37,0,104,0,"[20, 4, 16, 3, 12, 3, 7, 4, 3, 6, -2, 9, -5, 12, -6, 15, -8, 19, -8, 22, -8, 26, -7, 27, -5, 26, -4, 26, -3, 22, -4, 20, -6, 16, -8, 13, -11, 10, -16, 8, -19, 7, -24, 6, -27, 7, -31, 6, -32, 7, -30, 7, -23, 6, -18, 4, -13, 2, -8, -2, -4, -6, -2, -10, 0, -14, 0, -17, -1, -20, -3, -22, -5, -23, -7, -21, -8, -18, -10, -16, -10, -11, -9, -7, -8, -3, -5, 0, -3, 3, 0, 5, 3, 5, 6, 5, 7, 4, 9, 3, 9, 1, 9, -1]"
CSI_DATA,42363,2023-11-13 21:23:25.870,1,stand,d4:da:21:98:07:d9,-28,11,0,0,0,0,0,0,0,0,0,-99,0,12,2,521764879,0,37,0,104,0,"[-20, 7, -16, 6, -13, 4, -10, 0, -6, -4, -5, -9, -4, -14, -4, -17, -5, -21, -7, -25, -9, -27, -11, -28, -12, -25, -12, -25, -11, -21, -9, -21, -6, -18, -3, -16, 2, -16, 7, -16, 11, -18, 16, -20, 18, -22, 21, -24, 22, -25, 20, -24, 15, -19, 12, -15, 9, -9, 7, -3, 6, 2, 7, 7, 8, 11, 9, 14, 12, 15, 15, 16, 16, 15, 17, 13, 16, 9, 16, 7, 14, 3, 11, 0, 7, -2, 3, -4, -1, -4, -4, -4, -7, -3, -9, -2, -10, 0, -10, 2, -10, 4, -8, 6]"
CSI_DATA,42364,2023-11-13 21:23:25.886,1,stand,d4:da:21:98:07:d9,-28,11,0,0,0,0,0,0,0,0,0,-99,0,12,2,521781228,0,37,0,104,0,"[-6, -17, -5, -15, -3, -11, -1, -8, 3, -5, 6, -3, 11, -2, 14, -2, 18, -3, 20, -4, 23, -6, 23, -7, 21, -8, 21, -9, 18, -8, 17, -6, 15, -4, 13, -1, 12, 3, 12, 7, 13, 11, 14, 15, 16, 17, 17, 21, 18, 21, 18, 20, 13, 15, 10, 12, 6, 9, 1, 6, -3, 5, -8, 5, -11, 5, -14, 6, -16, 8, -16, 10, -16, 12, -14, 13, -11, 13, -9, 13, -6, 11, -3, 9, 0, 6, 1, 3, 3, 0, 3, -3, 2, -6, 2, -8, 0, -9, -1, -9, -3, -9, -5, -8]"
CSI_DATA,42365,2023-11-13 21:23:25.902,1,stand,d4:da:21:98:07:d9,-28,11,0,0,0,0,0,0,0,0,0,-99,0,12,2,521803395,0,37,0,104,0,"[-11, -15, -9, -12, -7, -10, -4, -8, 1, -6, 5, -5, 9, -6, 12, -7, 15, -9, 18, -11, 19, -13, 19, -15, 17, -15, 16, -16, 14, -14, 14, -13, 12, -10, 12, -6, 12, -2, 14, 2, 16, 5, 19, 8, 21, 9, 24, 12, 25, 12, 24, 11, 19, 8, 15, 6, 9, 5, 4, 5, 0, 6, -5, 7, -8, 9, -9, 11, -10, 14, -10, 16, -9, 17, -7, 17, -4, 16, -2, 15, 0, 12, 2, 8, 3, 5, 2, 2, 2, -2, 0, -5, -1, -7, -3, -8, -4, -8, -6, -8, -7, -6, -7, -5]"
CSI_DATA,42366,2023-11-13 21:23:25.918,1,stand,d4:da:21:98:07:d9,-28,11,0,0,0,0,0,0,0,0,0,-99,0,12,2,521813123,0,37,0,104,0,"[-16, 7, -13, 6, -11, 4, -8, 1, -5, -3, -4, -7, -4, -10, -4, -14, -5, -17, -7, -20, -8, -22, -10, -22, -11, -20, -12, -20, -11, -17, -9, -16, -7, -14, -3, -13, 0, -13, 4, -14, 8, -15, 11, -17, 13, -19, 17, -21, 17, -22, 15, -22, 11, -17, 9, -13, 7, -9, 6, -4, 6, 1, 6, 5, 7, 8, 9, 10, 11, 11, 13, 12, 15, 11, 15, 9, 14, 6, 14, 4, 11, 2, 8, 0, 5, -2, 2, -3, -2, -3, -4, -2, -6, -1, -8, 0, -9, 2, -8, 3, -7, 4, -6, 5]"
CSI_DATA,42367,2023-11-13 21:23:25.933,1,stand,d4:da:21:98:07:d9,-28,11,0,0,0,0,0,0,0,0,0,-99,0,12,2,521824876,0,37,0,104,0,"[18, 1, 15, 0, 12, 1, 8, 2, 3, 4, 0, 7, -3, 11, -4, 14, -5, 18, -5, 21, -4, 24, -3, 25, -1, 24, 0, 24, 1, 21, 0, 19, -1, 16, -4, 13, -8, 11, -12, 10, -16, 9, -21, 9, -23, 10, -27, 11, -28, 12, -26, 12, -21, 10, -17, 7, -12, 4, -8, 0, -6, -5, -4, -9, -4, -13, -4, -16, -6, -18, -7, -19, -9, -19, -10, -17, -11, -14, -12, -12, -10, -8, -9, -5, -6, -2, -4, 1, 0, 2, 2, 3, 5, 3, 7, 2, 8, 1, 9, 0, 9, -2, 7, -3]"
CSI_DATA,42368,2023-11-13 21:23:25.933,1,stand,d4:da:21:98:07:d9,-28,11,0,0,0,0,0,0,0,0,0,-99,0,12,2,521832884,0,37,0,104,0,"[-7, 19, -6, 16, -5, 13, -5, 8, -7, 3, -9, -2, -12, -5, -16, -7, -19, -9, -23, -10, -26, -10, -28, -9, -27, -6, -27, -5, -24, -4, -22, -4, -18, -5, -15, -7, -11, -11, -9, -15, -8, -19, -7, -24, -8, -27, -8, -32, -9, -33, -9, -31, -8, -24, -6, -20, -3, -14, 1, -9, 5, -6, 10, -3, 14, -2, 16, -2, 19, -4, 21, -5, 21, -7, 19, -9, 16, -10, 14, -11, 9, -10, 6, -9, 2, -7, -1, -4, -4, -1, -5, 2, -5, 5, -5, 8, -3, 9, -1, 10, 0, 10, 2, 9]"
CSI_DATA,42369,2023-11-13 21:23:25.949,1,stand,d4:da:21:98:07:d9,-28,11,0,0,0,0,0,0,0,0,0,-99,0,12,2,521845501,0,37,0,104,0,"[6, 16, 5, 13, 4, 10, 1, 8, -2, 5, -6, 3, -10, 3, -14, 4, -17, 5, -19, 6, -22, 8, -22, 10, -20, 11, -19, 12, -17, 11, -16, 9, -14, 7, -13, 3, -13, 0, -14, -4, -16, -7, -18, -10, -20, -12, -23, -15, -24, -15, -24, -14, -19, -10, -15, -8, -10, -7, -5, -6, -1, -7, 4, -8, 7, -10, 8, -12, 9, -14, 9, -16, 8, -17, 6, -17, 3, -16, 1, -15, -1, -11, -2, -9, -3, -5, -3, -2, -2, 1, -1, 4, 1, 5, 3, 7, 4, 7, 5, 6, 6, 5, 6, 3]"
CSI_DATA,42370,2023-11-13 21:23:25.964,1,stand,d4:da:21:98:07:d9,-28,11,0,0,0,0,0,0,0,0,0,-99,0,12,2,521862878,0,37,0,104,0,"[-21, 3, -17, 3, -14, 2, -10, 0, -7, -4, -4, -8, -3, -12, -2, -16, -3, -20, -4, -23, -6, -26, -8, -27, -9, -25, -10, -24, -10, -21, -8, -20, -6, -17, -2, -16, 2, -15, 6, -15, 10, -17, 15, -18, 16, -21, 20, -23, 20, -24, 18, -24, 14, -19, 12, -15, 9, -10, 7, -4, 7, 1, 7, 6, 9, 10, 11, 11, 13, 13, 15, 13, 16, 12, 16, 9, 15, 6, 14, 4, 11, 1, 8, -1, 4, -2, 1, -3, -3, -2, -6, -1, -8, 0, -9, 2, -9, 4, -9, 5, -7, 6, -5, 7]"
CSI_DATA,42371,2023-11-13 21:23:25.980,1,stand,d4:da:21:98:07:d9,-28,11,0,0,0,0,0,0,0,0,0,-99,0,12,2,521884895,0,37,0,104,0,"[-6, -20, -5, -17, -4, -13, -1, -10, 3, -7, 7, -5, 11, -4, 14, -5, 18, -6, 21, -7, 24, -9, 24, -11, 21, -12, 21, -13, 18, -12, 17, -10, 15, -8, 13, -4, 14, 0, 15, 4, 16, 7, 19, 11, 21, 12, 24, 15, 25, 15, 25, 13, 20, 9, 15, 8, 10, 6, 4, 6, -1, 7, -5, 8, -8, 10, -10, 12, -10, 15, -10, 17, -9, 18, -6, 17, -3, 15, -1, 14, 1, 11, 2, 7, 3, 3, 2, 0, 1, -4, -1, -6, -3, -8, -5, -8, -6, -8, -7, -6, -8, -5, -8, -3]"
CSI_DATA,42372,2023-11-13 21:23:25.996,1,stand,d4:da:21:98:07:d9,-28,11,0,0,0,0,0,0,0,0,0,-99,0,12,2,521896885,0,37,0,104,0,"[13, -13, 11, -11, 9, -8, 7, -5, 6, -1, 7, 4, 8, 7, 9, 10, 12, 12, 14, 14, 17, 15, 18, 14, 18, 12, 19, 11, 16, 9, 15, 9, 12, 9, 8, 9, 5, 11, 3, 14, 1, 16, -1, 20, -1, 23, -2, 26, -1, 27, 0, 26, 0, 19, 0, 15, -1, 10, -4, 6, -6, 2, -10, 0, -12, -2, -15, -2, -17, -1, -18, 0, -18, 1, -17, 3, -14, 5, -12, 6, -8, 6, -5, 5, -1, 4, 1, 2, 3, -1, 4, -3, 4, -5, 3, -7, 2, -8, 1, -9, -1, -8, -2, -8]"
CSI_DATA,42373,2023-11-13 21:23:26.011,1,stand,d4:da:21:98:07:d9,-28,11,0,0,0,0,0,0,0,0,0,-99,0,12,2,521904875,0,37,0,104,0,"[17, -5, 14, -5, 11, -3, 8, -1, 6, 3, 4, 6, 3, 10, 4, 13, 4, 17, 6, 19, 8, 21, 9, 22, 10, 19, 11, 19, 10, 16, 8, 15, 6, 13, 2, 12, -1, 13, -5, 14, -8, 15, -11, 17, -12, 19, -15, 22, -15, 23, -13, 22, -10, 17, -8, 13, -7, 8, -6, 3, -7, -1, -8, -5, -10, -8, -12, -9, -14, -10, -16, -9, -17, -8, -16, -5, -14, -3, -13, -1, -10, 1, -7, 2, -4, 3, 0, 2, 3, 1, 5, 0, 6, -2, 7, -4, 6, -5, 5, -7, 4, -7, 2, -7]"
CSI_DATA,42374,2023-11-13 21:23:26.011,1,stand,d4:da:21:98:07:d9,-28,11,0,0,0,0,0,0,0,0,0,-99,0,12,2,521916880,0,37,0,104,0,"[4, 17, 3, 14, 2, 11, -1, 9, -4, 6, -7, 4, -11, 3, -14, 3, -17, 4, -20, 6, -22, 7, -22, 9, -20, 10, -20, 10, -17, 9, -16, 7, -14, 5, -14, 2, -13, -2, -15, -5, -16, -8, -18, -12, -20, -12, -22, -15, -23, -15, -23, -13, -17, -10, -13, -8, -9, -6, -4, -6, 1, -7, 4, -8, 7, -9, 8, -11, 9, -13, 9, -15, 7, -16, 4, -16, 2, -14, 0, -13, -2, -10, -3, -7, -4, -3, -4, 0, -3, 3, -1, 5, 1, 6, 2, 7, 4, 6, 5, 5, 6, 4, 6, 2]"
CSI_DATA,42375,2023-11-13 21:23:26.027,1,stand,d4:da:21:98:07:d9,-28,11,0,0,0,0,0,0,0,0,0,-99,0,12,2,521924881,0,37,0,104,0,"[-15, 9, -13, 8, -11, 6, -9, 3, -8, -1, -7, -5, -8, -9, -9, -12, -11, -15, -13, -16, -16, -18, -17, -17, -17, -16, -17, -15, -15, -13, -14, -13, -10, -12, -7, -12, -4, -13, -1, -15, 1, -17, 3, -21, 3, -23, 5, -26, 4, -27, 3, -26, 2, -19, 2, -15, 2, -10, 3, -6, 6, -2, 8, 1, 11, 3, 13, 3, 15, 3, 17, 2, 17, 1, 15, -2, 13, -4, 11, -5, 8, -6, 4, -6, 1, -5, -2, -3, -4, -2, -6, 1, -6, 3, -6, 5, -5, 6, -4, 7, -2, 7, 0, 6]"
CSI_DATA,42376,2023-11-13 21:23:26.027,1,stand,d4:da:21:98:07:d9,-28,11,0,0,0,0,0,0,0,0,0,-99,0,12,2,521932887,0,37,0,104,0,"[-11, -15, -10, -12, -7, -10, -4, -9, 0, -8, 4, -8, 8, -9, 10, -10, 13, -12, 15, -14, 17, -16, 16, -17, 14, -17, 14, -17, 12, -15, 11, -14, 10, -11, 11, -7, 12, -4, 15, -1, 17, 1, 20, 3, 22, 4, 25, 5, 26, 5, 25, 3, 19, 2, 14, 2, 9, 2, 4, 4, 0, 5, -2, 8, -4, 11, -5, 13, -4, 15, -4, 17, -2, 17, 0, 16, 2, 13, 4, 11, 5, 8, 5, 5, 4, 1, 3, -2, 1, -4, -1, -6, -3, -6, -5, -6, -7, -6, -8, -4, -8, -3, -8, 0]"
CSI_DATA,42377,2023-11-13 21:23:26.058,1,stand,d4:da:21:98:07:d9,-28,11,0,0,0,0,0,0,0,0,0,-99,0,12,2,521954696,0,37,0,104,0,"[-6, -18, -5, -16, -3, -13, 0, -10, 3, -7, 7, -6, 11, -5, 14, -6, 18, -6, 20, -7, 23, -9, 23, -10, 21, -10, 20, -11, 17, -10, 17, -8, 15, -5, 13, -2, 14, 2, 15, 6, 16, 8, 18, 12, 20, 13, 22, 16, 23, 16, 22, 14, 17, 10, 12, 8, 7, 6, 2, 5, -3, 5, -7, 6, -10, 8, -11, 10, -12, 12, -11, 14, -11, 15, -8, 15, -5, 14, -2, 14, 1, 11, 3, 8, 4, 4, 4, 1, 4, -3, 2, -5, 1, -7, -1, -8, -3, -9, -5, -8, -6, -6, -7, -5]"
CSI_DATA,42378,2023-11-13 21:23:26.075,1,stand,d4:da:21:98:07:d9,-28,11,0,0,0,0,0,0,0,0,0,-99,0,12,2,521972886,0,37,0,104,0,"[-10, -16, -8, -13, -6, -11, -3, -9, 1, -8, 5, -7, 9, -7, 12, -8, 15, -9, 17, -11, 20, -12, 20, -13, 17, -13, 17, -13, 15, -12, 14, -10, 13, -7, 13, -3, 13, 0, 15, 4, 16, 7, 18, 10, 20, 11, 22, 13, 23, 13, 22, 12, 16, 8, 12, 6, 7, 5, 2, 4, -2, 4, -6, 5, -9, 7, -11, 9, -12, 11, -12, 13, -11, 15, -8, 15, -5, 14, -3, 14, 0, 11, 2, 9, 4, 5, 4, 2, 4, -2, 3, -4, 2, -6, 0, -8, -2, -8, -4, -8, -5, -7, -6, -5]"
CSI_DATA,42379,2023-11-13 21:23:26.090,1,stand,d4:da:21:98:07:d9,-28,11,0,0,0,0,0,0,0,0,0,-99,0,12,2,521984888,0,37,0,104,0,"[20, -9, 16, -8, 14, -5, 11, -2, 8, 3, 6, 7, 6, 12, 6, 14, 7, 20, 9, 23, 10, 26, 11, 26, 12, 24, 12, 23, 10, 20, 8, 20, 4, 17, 0, 16, -4, 15, -8, 17, -12, 18, -17, 20, -18, 22, -22, 25, -21, 25, -19, 24, -14, 18, -11, 14, -8, 8, -6, 2, -6, -3, -6, -8, -8, -12, -10, -15, -12, -17, -15, -17, -17, -16, -18, -13, -18, -9, -18, -6, -16, -2, -12, 1, -9, 3, -5, 5, -1, 5, 3, 5, 6, 4, 8, 2, 9, 0, 9, -3, 8, -5, 7, -6]"
CSI_DATA,42380,2023-11-13 21:23:26.100,1,stand,d4:da:21:98:07:d9,-28,11,0,0,0,0,0,0,0,0,0,-99,0,12,2,521992883,0,37,0,104,0,"[19, 8, 16, 7, 12, 7, 8, 7, 3, 8, -2, 10, -6, 13, -8, 15, -10, 19, -12, 21, -13, 24, -12, 25, -10, 24, -10, 24, -9, 20, -10, 18, -10, 14, -12, 11, -15, 7, -19, 4, -22, 2, -26, 0, -29, 0, -32, -1, -33, 0, -31, 1, -23, 2, -18, 1, -11, 0, -6, -3, -2, -6, 2, -10, 4, -13, 5, -16, 5, -20, 3, -22, 1, -23, -2, -21, -4, -19, -7, -17, -8, -13, -9, -9, -9, -5, -7, -1, -5, 3, -3, 5, 0, 7, 2, 8, 5, 8, 6, 6, 8, 4, 8, 2]"
CSI_DATA,42381,2023-11-13 21:23:26.121,1,stand,d4:da:21:98:07:d9,-28,11,0,0,0,0,0,0,0,0,0,-99,0,12,2,522015813,0,37,0,104,0,"[9, 14, 7, 12, 5, 10, 2, 8, -2, 7, -6, 6, -10, 6, -12, 6, -16, 7, -18, 8, -20, 9, -20, 10, -19, 10, -18, 10, -16, 8, -16, 6, -14, 4, -13, 1, -13, -3, -15, -7, -15, -10, -17, -13, -18, -14, -20, -17, -21, -17, -20, -15, -16, -11, -12, -9, -8, -6, -3, -4, 2, -4, 6, -4, 9, -5, 12, -7, 13, -9, 14, -11, 13, -13, 11, -14, 8, -14, 6, -14, 3, -13, 0, -11, -2, -8, -4, -5, -5, -2, -5, 1, -5, 3, -4, 6, -3, 7, -1, 7, 1, 7, 3, 6]"
CSI_DATA,42382,2023-11-13 21:23:26.136,1,stand,d4:da:21:98:07:d9,-28,11,0,0,0,0,0,0,0,0,0,-99,0,12,2,522037672,0,37,0,104,0,"[2, -19, 2, -16, 3, -13, 4, -9, 6, -5, 8, -2, 11, 1, 14, 3, 17, 4, 20, 5, 23, 6, 23, 6, 22, 4, 22, 5, 18, 4, 16, 6, 13, 7, 10, 9, 7, 12, 5, 15, 4, 18, 2, 22, 3, 24, 2, 28, 2, 28, 3, 27, 3, 20, 2, 15, 1, 9, -1, 4, -5, 0, -8, -3, -11, -5, -14, -6, -17, -6, -20, -5, -21, -4, -20, -1, -18, 2, -17, 4, -13, 6, -10, 7, -6, 7, -2, 6, 1, 5, 4, 3, 6, 1, 7, -1, 7, -3, 7, -6, 5, -7, 3, -8]"
CSI_DATA,42383,2023-11-13 21:23:26.152,1,stand,d4:da:21:98:07:d9,-28,11,0,0,0,0,0,0,0,0,0,-99,0,12,2,522049261,0,37,0,104,0,"[-12, -14, -10, -12, -7, -10, -4, -9, 0, -8, 4, -8, 8, -8, 11, -9, 14, -10, 16, -11, 18, -12, 19, -13, 17, -13, 17, -13, 14, -11, 14, -9, 13, -5, 13, -2, 12, 2, 14, 6, 15, 9, 17, 12, 18, 14, 20, 17, 21, 17, 20, 15, 16, 10, 12, 8, 7, 5, 2, 3, -3, 2, -7, 2, -11, 3, -14, 5, -16, 7, -17, 9, -17, 10, -15, 12, -11, 13, -9, 13, -6, 12, -3, 11, 0, 8, 3, 5, 4, 2, 5, -1, 5, -3, 5, -6, 4, -8, 2, -9, 0, -9, -2, -8]"
CSI_DATA,42384,2023-11-13 21:23:26.168,1,stand,d4:da:21:98:07:d9,-28,11,0,0,0,0,0,0,0,0,0,-99,0,12,2,522069221,0,37,0,104,0,"[-16, -9, -13, -8, -10, -8, -7, -7, -2, -8, 2, -9, 6, -10, 8, -12, 11, -14, 12, -16, 14, -18, 14, -19, 12, -18, 12, -18, 11, -15, 11, -13, 11, -9, 11, -5, 13, -1, 15, 2, 17, 5, 20, 8, 22, 9, 25, 11, 25, 11, 24, 10, 18, 6, 14, 4, 8, 3, 3, 2, -2, 3, -7, 4, -11, 5, -13, 7, -15, 10, -15, 12, -14, 14, -12, 15, -9, 15, -6, 15, -3, 13, 0, 11, 2, 8, 4, 5, 5, 2, 5, -2, 5, -4, 4, -7, 3, -8, 1, -9, -1, -9, -3, -8]"
CSI_DATA,42385,2023-11-13 21:23:26.215,1,stand,d4:da:21:98:07:d9,-28,11,0,0,0,0,0,0,0,0,0,-99,0,12,2,522108137,0,37,0,104,0,"[17, -1, 15, 0, 12, 1, 9, 2, 5, 5, 2, 8, 0, 11, -2, 14, -3, 17, -3, 20, -4, 22, -3, 23, -2, 21, -2, 21, -3, 18, -4, 16, -6, 13, -8, 10, -12, 8, -16, 6, -19, 5, -23, 4, -25, 4, -28, 4, -29, 4, -27, 5, -20, 4, -15, 3, -10, 1, -5, -2, -1, -4, 3, -8, 5, -11, 5, -15, 5, -18, 4, -19, 3, -21, 0, -20, -3, -18, -5, -17, -6, -13, -8, -10, -8, -5, -7, -2, -6, 2, -4, 5, -2, 7, 0, 8, 2, 8, 4, 7, 5, 6, 6, 4]"
CSI_DATA,42386,2023-11-13 21:23:26.215,1,stand,d4:da:21:98:07:d9,-28,11,0,0,0,0,0,0,0,0,0,-99,0,12,2,522120899,0,37,0,104,0,"[-18, 3, -15, 2, -12, 0, -9, -2, -7, -5, -4, -8, -2, -11, -2, -14, -1, -17, -1, -20, -1, -23, -2, -23, -2, -22, -2, -21, -2, -18, 0, -17, 2, -15, 5, -12, 9, -11, 13, -10, 16, -9, 20, -9, 22, -10, 25, -10, 25, -10, 23, -10, 17, -8, 13, -6, 8, -4, 4, 0, 0, 4, -2, 7, -3, 11, -3, 14, -2, 17, -1, 18, 1, 19, 3, 18, 5, 15, 7, 13, 7, 10, 8, 6, 7, 3, 6, -1, 4, -4, 2, -6, 0, -8, -3, -8, -5, -8, -6, -7, -7, -5, -8, -3]"
CSI_DATA,42387,2023-11-13 21:23:26.230,1,stand,d4:da:21:98:07:d9,-28,11,0,0,0,0,0,0,0,0,0,-99,0,12,2,522132893,0,37,0,104,0,"[-11, -14, -9, -13, -6, -11, -3, -9, 1, -8, 4, -7, 8, -7, 11, -7, 15, -8, 16, -10, 19, -11, 19, -12, 17, -12, 17, -12, 15, -10, 15, -7, 14, -5, 13, -1, 13, 3, 14, 7, 15, 10, 16, 13, 18, 14, 20, 17, 20, 17, 20, 16, 15, 11, 11, 8, 6, 5, 1, 3, -4, 3, -8, 3, -12, 3, -14, 5, -16, 6, -17, 9, -17, 10, -14, 12, -11, 12, -9, 13, -5, 11, -2, 10, 1, 7, 3, 4, 5, 1, 5, -2, 6, -4, 5, -6, 4, -8, 2, -9, 0, -9, -2, -8]"
CSI_DATA,42388,2023-11-13 21:23:26.246,1,stand,d4:da:21:98:07:d9,-28,11,0,0,0,0,0,0,0,0,0,-99,0,12,2,522149139,0,37,0,104,0,"[-9, -17, -7, -15, -5, -13, -2, -10, 2, -8, 6, -6, 10, -6, 13, -6, 17, -6, 19, -7, 22, -8, 23, -9, 21, -9, 21, -9, 18, -8, 18, -5, 15, -3, 14, 1, 14, 5, 14, 9, 14, 12, 15, 17, 17, 18, 18, 22, 19, 22, 18, 20, 13, 14, 10, 11, 5, 7, 0, 4, -5, 3, -9, 2, -13, 2, -16, 3, -18, 5, -19, 7, -19, 9, -17, 11, -13, 12, -11, 13, -7, 11, -3, 10, 0, 8, 3, 5, 5, 2, 6, -1, 6, -4, 6, -6, 5, -8, 3, -9, 1, -9, -1, -9]"
CSI_DATA,42389,2023-11-13 21:23:26.277,1,stand,d4:da:21:98:07:d9,-28,11,0,0,0,0,0,0,0,0,0,-99,0,12,2,522174107,0,37,0,104,0,"[-1, -18, -1, -15, 0, -12, 2, -9, 4, -6, 7, -3, 10, -1, 13, 0, 16, 0, 19, 1, 21, 1, 22, 0, 21, -1, 20, -2, 18, -1, 17, 0, 14, 2, 12, 4, 11, 8, 10, 11, 9, 14, 9, 18, 10, 20, 10, 23, 11, 23, 11, 22, 9, 15, 6, 12, 3, 8, -1, 4, -5, 2, -9, 1, -12, 0, -15, 1, -17, 2, -18, 4, -18, 5, -16, 7, -13, 8, -11, 10, -7, 9, -4, 8, 0, 7, 2, 4, 4, 2, 6, -1, 6, -4, 6, -6, 5, -7, 3, -8, 1, -8, -1, -8]"
CSI_DATA,42390,2023-11-13 21:23:26.277,1,stand,d4:da:21:98:07:d9,-28,11,0,0,0,0,0,0,0,0,0,-99,0,12,2,522180885,0,37,0,104,0,"[5, -21, 4, -18, 4, -14, 5, -10, 6, -5, 9, -1, 12, 2, 15, 4, 19, 6, 21, 7, 25, 8, 26, 7, 25, 6, 24, 5, 21, 5, 20, 6, 16, 7, 13, 9, 10, 12, 7, 17, 6, 20, 5, 24, 5, 27, 4, 31, 5, 31, 5, 29, 4, 22, 3, 16, 0, 10, -3, 5, -7, 1, -11, -2, -15, -4, -18, -4, -21, -3, -22, -2, -23, 0, -21, 3, -18, 5, -16, 7, -12, 8, -7, 9, -3, 8, 1, 6, 5, 4, 7, 1, 8, -2, 8, -4, 8, -7, 6, -8, 4, -9, 2, -9]"
CSI_DATA,42391,2023-11-13 21:23:26.292,1,stand,d4:da:21:98:07:d9,-28,11,0,0,0,0,0,0,0,0,0,-99,0,12,2,522192897,0,37,0,104,0,"[2, 17, 2, 15, 0, 12, -1, 9, -4, 5, -8, 3, -11, 1, -14, 1, -17, 0, -20, 0, -23, 1, -24, 1, -22, 2, -22, 3, -19, 2, -18, 0, -16, -1, -14, -4, -12, -8, -12, -11, -11, -15, -11, -19, -13, -20, -13, -24, -14, -24, -14, -22, -10, -17, -8, -13, -4, -9, 0, -6, 4, -3, 8, -2, 12, -2, 14, -2, 16, -4, 17, -6, 17, -7, 15, -9, 12, -10, 10, -11, 6, -10, 2, -9, -1, -7, -4, -5, -6, -2, -6, 0, -7, 3, -7, 5, -5, 6, -4, 7, -2, 8, 0, 7]"
CSI_DATA,42392,2023-11-13 21:23:26.308,1,stand,d4:da:21:98:07:d9,-29,11,0,0,0,0,0,0,0,0,0,-99,0,12,2,522209064,0,37,0,104,0,"[-15, 11, -13, 9, -11, 7, -9, 3, -7, -1, -7, -5, -7, -9, -8, -12, -9, -15, -11, -18, -13, -20, -14, -20, -14, -18, -14, -18, -13, -16, -11, -15, -8, -14, -4, -14, -1, -14, 3, -16, 6, -17, 9, -20, 10, -21, 13, -24, 13, -24, 11, -23, 8, -18, 6, -13, 5, -9, 4, -3, 5, 2, 6, 6, 7, 9, 9, 11, 11, 12, 13, 12, 15, 11, 15, 8, 14, 5, 14, 2, 11, -1, 8, -3, 5, -5, 1, -5, -2, -6, -5, -5, -7, -4, -9, -2, -9, 0, -9, 1, -8, 3, -7, 4]"
CSI_DATA,42393,2023-11-13 21:23:26.324,1,stand,d4:da:21:98:07:d9,-28,11,0,0,0,0,0,0,0,0,0,-99,0,12,2,522229057,0,37,0,104,0,"[12, -19, 10, -16, 9, -12, 8, -8, 7, -3, 8, 2, 10, 7, 12, 10, 15, 13, 18, 15, 20, 17, 22, 17, 21, 15, 22, 14, 19, 12, 17, 13, 13, 12, 9, 13, 4, 15, 1, 18, -1, 21, -5, 24, -6, 27, -8, 31, -8, 31, -6, 30, -4, 22, -4, 17, -4, 11, -5, 4, -7, -1, -10, -5, -12, -8, -15, -10, -18, -10, -21, -10, -22, -8, -21, -5, -19, -2, -18, 1, -14, 3, -10, 5, -6, 6, -1, 6, 3, 5, 6, 3, 8, 1, 9, -1, 9, -4, 9, -6, 7, -7, 5, -8]"
CSI_DATA,42394,2023-11-13 21:23:26.339,1,stand,d4:da:21:98:07:d9,-28,11,0,0,0,0,0,0,0,0,0,-99,0,12,2,522244896,0,37,0,104,0,"[-17, 8, -15, 6, -12, 4, -9, 2, -7, -2, -6, -6, -5, -10, -5, -13, -6, -17, -7, -20, -9, -22, -10, -23, -10, -21, -11, -21, -10, -18, -8, -17, -5, -15, -2, -14, 2, -14, 6, -14, 9, -15, 13, -16, 15, -18, 18, -20, 18, -20, 17, -20, 12, -16, 9, -12, 7, -7, 5, -2, 4, 2, 4, 7, 5, 10, 6, 12, 8, 14, 10, 15, 12, 14, 12, 12, 12, 8, 13, 6, 11, 2, 9, 0, 6, -3, 3, -5, 0, -6, -3, -6, -6, -5, -8, -4, -9, -3, -9, -1, -9, 1, -8, 3]"
CSI_DATA,42395,2023-11-13 21:23:26.355,1,stand,d4:da:21:98:07:d9,-28,11,0,0,0,0,0,0,0,0,0,-99,0,12,2,522256890,0,37,0,104,0,"[-15, -16, -12, -14, -9, -11, -5, -9, 0, -8, 4, -7, 9, -8, 12, -10, 16, -11, 19, -14, 21, -15, 21, -17, 19, -17, 19, -18, 16, -15, 16, -13, 14, -9, 14, -5, 14, -1, 16, 3, 18, 6, 21, 10, 23, 12, 26, 15, 27, 15, 26, 13, 20, 9, 15, 7, 9, 6, 3, 5, -2, 5, -7, 6, -11, 8, -13, 10, -14, 13, -15, 15, -14, 17, -11, 17, -7, 16, -4, 15, -1, 13, 2, 10, 4, 6, 5, 2, 5, -2, 5, -5, 3, -8, 2, -10, 0, -11, -2, -10, -4, -10, -6, -8]"
CSI_DATA,42396,2023-11-13 21:23:26.370,1,stand,d4:da:21:98:07:d9,-28,11,0,0,0,0,0,0,0,0,0,-99,0,12,2,522265344,0,37,0,104,0,"[-7, -18, -6, -15, -4, -12, -1, -10, 2, -6, 6, -5, 10, -3, 13, -3, 17, -3, 20, -4, 23, -5, 23, -6, 21, -7, 21, -7, 18, -6, 17, -4, 15, -2, 13, 1, 11, 5, 11, 9, 11, 13, 12, 17, 13, 19, 14, 22, 15, 23, 15, 21, 11, 16, 9, 12, 5, 8, 0, 5, -4, 3, -9, 2, -12, 1, -15, 2, -17, 3, -18, 5, -18, 7, -16, 8, -13, 9, -11, 10, -7, 9, -4, 9, 0, 7, 3, 4, 4, 1, 5, -1, 6, -4, 6, -6, 5, -8, 3, -9, 1, -9, -1, -9]"
CSI_DATA,42397,2023-11-13 21:23:26.370,1,stand,d4:da:21:98:07:d9,-28,11,0,0,0,0,0,0,0,0,0,-99,0,12,2,522272890,0,37,0,104,0,"[19, -3, 16, -3, 12, -1, 9, 1, 5, 4, 2, 7, 1, 11, 0, 14, -1, 18, -1, 21, -1, 24, 0, 25, 2, 23, 2, 23, 2, 20, 0, 18, -2, 15, -5, 12, -8, 11, -13, 10, -16, 9, -21, 9, -23, 10, -27, 11, -28, 11, -26, 11, -19, 9, -15, 7, -10, 3, -6, -1, -3, -5, -2, -9, -1, -13, -1, -16, -2, -18, -3, -20, -5, -21, -7, -18, -9, -15, -10, -13, -10, -9, -9, -5, -8, -1, -6, 2, -3, 5, 0, 6, 2, 7, 5, 7, 7, 6, 8, 4, 8, 2, 8, 0]"
CSI_DATA,42398,2023-11-13 21:23:26.387,1,stand,d4:da:21:98:07:d9,-28,11,0,0,0,0,0,0,0,0,0,-99,0,12,2,522286289,0,37,0,104,0,"[-8, 16, -7, 13, -6, 10, -6, 6, -7, 2, -8, -2, -10, -6, -12, -8, -15, -10, -17, -12, -20, -13, -21, -13, -20, -11, -20, -10, -17, -9, -15, -10, -12, -9, -8, -10, -5, -12, -2, -15, 1, -18, 3, -21, 4, -23, 6, -26, 6, -27, 5, -26, 3, -20, 2, -16, 2, -10, 3, -5, 4, 0, 6, 4, 8, 7, 11, 8, 13, 9, 15, 9, 16, 8, 16, 5, 15, 2, 14, 0, 11, -2, 8, -4, 5, -5, 1, -6, -2, -5, -5, -4, -7, -3, -9, -1, -9, 0, -9, 2, -8, 4, -6, 5]"
CSI_DATA,42399,2023-11-13 21:23:26.402,1,stand,d4:da:21:98:07:d9,-28,11,0,0,0,0,0,0,0,0,0,-99,0,12,2,522304560,0,37,0,104,0,"[3, 17, 2, 14, 0, 11, -2, 8, -5, 5, -8, 2, -11, 0, -14, -1, -18, -2, -20, -2, -23, -2, -24, -2, -22, 0, -22, 0, -19, -1, -17, -2, -14, -4, -11, -6, -9, -9, -7, -14, -6, -17, -5, -21, -5, -23, -5, -27, -5, -27, -6, -26, -5, -19, -4, -15, -2, -10, 1, -5, 4, -1, 7, 2, 10, 4, 13, 4, 16, 4, 17, 4, 18, 2, 17, 0, 15, -3, 14, -4, 10, -6, 7, -6, 3, -7, 0, -6, -4, -5, -6, -3, -7, -2, -9, 0, -9, 2, -8, 4, -7, 5, -5, 6]"
CSI_DATA,42400,2023-11-13 21:23:26.433,1,stand,d4:da:21:98:07:d9,-28,11,0,0,0,0,0,0,0,0,0,-99,0,12,2,522324899,0,37,0,104,0,"[-3, 21, -3, 18, -4, 14, -5, 9, -7, 4, -10, 0, -14, -4, -16, -7, -20, -9, -23, -10, -26, -11, -27, -10, -26, -8, -26, -8, -22, -8, -19, -9, -15, -9, -10, -11, -6, -14, -3, -19, -1, -22, 2, -26, 2, -29, 4, -33, 3, -34, 2, -32, 1, -24, 1, -18, 1, -12, 3, -5, 5, 0, 8, 5, 11, 9, 13, 11, 17, 12, 19, 11, 20, 10, 19, 6, 20, 1, 18, 1, 14, -2, 11, -5, 6, -6, 2, -7, -2, -7, -6, -6, -8, -4, -10, -3, -11, 0, -11, 2, -10, 4, -9, 6]"
CSI_DATA,42401,2023-11-13 21:23:26.433,1,stand,d4:da:21:98:07:d9,-28,11,0,0,0,0,0,0,0,0,0,-99,0,12,2,522336888,0,37,0,104,0,"[-14, 13, -12, 10, -10, 7, -9, 4, -7, -1, -7, -6, -7, -10, -9, -13, -10, -17, -11, -19, -13, -22, -13, -22, -13, -20, -13, -19, -11, -17, -8, -16, -5, -15, -1, -13, 3, -13, 8, -14, 11, -15, 16, -17, 17, -18, 21, -20, 21, -20, 19, -20, 14, -15, 10, -12, 7, -7, 4, -2, 2, 3, 2, 8, 2, 12, 3, 15, 4, 17, 6, 18, 8, 18, 10, 16, 11, 13, 12, 11, 10, 6, 9, 3, 7, -1, 5, -4, 2, -6, -1, -7, -4, -7, -6, -7, -8, -6, -9, -5, -10, -3, -10, -1]"
CSI_DATA,42402,2023-11-13 21:23:26.449,1,stand,d4:da:21:98:07:d9,-28,11,0,0,0,0,0,0,0,0,0,-99,0,12,2,522344899,0,37,0,104,0,"[-8, -17, -7, -14, -4, -11, -2, -9, 2, -6, 6, -4, 10, -4, 13, -4, 17, -4, 19, -5, 22, -5, 22, -6, 20, -7, 20, -6, 17, -5, 16, -3, 13, 0, 11, 3, 10, 7, 9, 11, 9, 14, 9, 18, 11, 20, 11, 24, 12, 24, 12, 22, 9, 16, 6, 13, 3, 8, -1, 4, -5, 1, -9, -1, -12, -2, -15, -2, -18, -1, -19, 1, -20, 2, -18, 4, -15, 6, -14, 7, -10, 7, -6, 7, -3, 7, 1, 5, 4, 3, 5, 1, 7, -2, 7, -4, 7, -6, 6, -7, 4, -8, 2, -8]"
CSI_DATA,42403,2023-11-13 21:23:26.449,1,stand,d4:da:21:98:07:d9,-28,11,0,0,0,0,0,0,0,0,0,-99,0,12,2,522354275,0,37,0,104,0,"[-10, -17, -8, -14, -6, -12, -2, -9, 2, -7, 6, -5, 10, -5, 13, -5, 17, -5, 20, -6, 22, -7, 23, -7, 20, -8, 21, -7, 17, -6, 16, -4, 13, -2, 12, 2, 11, 6, 11, 10, 11, 14, 11, 18, 12, 21, 13, 24, 14, 24, 14, 22, 11, 16, 8, 12, 4, 7, 0, 4, -4, 1, -9, 0, -13, -1, -16, -1, -18, 1, -20, 2, -20, 4, -18, 6, -15, 7, -13, 8, -9, 9, -5, 8, -2, 7, 1, 5, 4, 3, 6, 1, 7, -2, 7, -4, 7, -6, 5, -8, 4, -9, 2, -9]"
CSI_DATA,42404,2023-11-13 21:23:26.480,1,stand,d4:da:21:98:07:d9,-28,11,0,0,0,0,0,0,0,0,0,-99,0,12,2,522373910,0,37,0,104,0,"[5, 17, 4, 14, 2, 11, -1, 8, -4, 5, -8, 3, -11, 2, -14, 1, -18, 0, -21, 1, -23, 1, -24, 1, -22, 2, -22, 2, -19, 1, -17, -1, -14, -3, -11, -6, -9, -10, -8, -13, -8, -17, -7, -21, -8, -23, -8, -27, -8, -27, -8, -25, -7, -19, -5, -14, -3, -9, 0, -5, 4, -1, 7, 2, 11, 4, 14, 4, 16, 4, 18, 3, 19, 2, 18, -1, 16, -3, 14, -5, 11, -6, 7, -7, 3, -7, 0, -7, -4, -5, -6, -3, -8, -2, -9, 0, -9, 3, -8, 4, -7, 6, -5, 7]"
CSI_DATA,42405,2023-11-13 21:23:26.496,1,stand,d4:da:21:98:07:d9,-28,11,0,0,0,0,0,0,0,0,0,-99,0,12,2,522389257,0,37,0,104,0,"[-15, -12, -12, -10, -9, -9, -5, -8, -1, -7, 3, -7, 7, -8, 10, -9, 13, -10, 15, -12, 18, -14, 18, -15, 16, -14, 16, -14, 14, -11, 14, -9, 12, -6, 12, -2, 12, 2, 13, 6, 14, 9, 16, 13, 18, 14, 20, 17, 20, 17, 20, 15, 14, 11, 11, 8, 6, 5, 1, 3, -4, 2, -9, 2, -12, 2, -15, 3, -17, 5, -18, 7, -18, 9, -15, 10, -12, 11, -10, 12, -6, 11, -3, 9, 0, 7, 3, 5, 5, 2, 6, -1, 6, -4, 6, -6, 5, -8, 3, -9, 1, -10, 0, -9]"
CSI_DATA,42406,2023-11-13 21:23:26.511,1,stand,d4:da:21:98:07:d9,-29,11,0,0,0,0,0,0,0,0,0,-99,0,12,2,522405062,0,37,0,104,0,"[12, -15, 10, -12, 9, -9, 7, -5, 7, -1, 6, 4, 7, 8, 8, 11, 10, 15, 11, 16, 13, 19, 14, 19, 13, 17, 13, 17, 11, 15, 8, 14, 4, 13, 1, 12, -4, 13, -8, 13, -11, 15, -15, 16, -16, 18, -19, 20, -20, 21, -18, 20, -13, 15, -10, 11, -7, 6, -4, 1, -3, -4, -3, -9, -3, -13, -4, -16, -6, -18, -8, -19, -10, -19, -11, -16, -12, -13, -13, -11, -12, -7, -11, -4, -9, 0, -6, 3, -3, 5, 0, 6, 2, 7, 5, 6, 7, 5, 8, 4, 9, 2, 6, 0]"
CSI_DATA,42407,2023-11-13 21:23:26.511,1,stand,d4:da:21:98:07:d9,-28,11,0,0,0,0,0,0,0,0,0,-99,0,12,2,522412896,0,37,0,104,0,"[-2, 19, -2, 16, -3, 12, -4, 8, -7, 4, -9, 0, -12, -3, -15, -5, -18, -7, -21, -8, -23, -9, -24, -8, -22, -7, -22, -7, -19, -7, -17, -8, -12, -8, -9, -11, -6, -13, -3, -17, -1, -20, 1, -24, 1, -26, 3, -30, 2, -30, 1, -28, 0, -21, 0, -16, 0, -10, 2, -4, 4, 1, 7, 5, 9, 8, 12, 9, 15, 10, 18, 10, 19, 9, 19, 5, 17, 2, 16, 0, 13, -3, 10, -5, 6, -6, 2, -7, -2, -7, -5, -6, -8, -4, -9, -2, -10, 0, -10, 2, -9, 4, -8, 5]"
CSI_DATA,42408,2023-11-13 21:23:26.558,1,stand,d4:da:21:98:07:d9,-28,11,0,0,0,0,0,0,0,0,0,-99,0,12,2,522453019,0,37,0,104,0,"[-23, -8, -19, -7, -14, -7, -10, -7, -4, -8, 1, -10, 5, -13, 8, -15, 11, -18, 13, -21, 14, -24, 14, -25, 12, -24, 12, -23, 11, -20, 13, -16, 12, -12, 13, -7, 15, -3, 19, 1, 21, 4, 25, 8, 28, 9, 31, 11, 32, 11, 30, 9, 22, 6, 16, 5, 9, 3, 3, 3, -4, 4, -9, 5, -13, 8, -16, 10, -17, 13, -17, 16, -16, 18, -13, 19, -9, 18, -6, 18, -3, 15, 1, 12, 4, 8, 6, 4, 7, 0, 7, -4, 6, -7, 5, -10, 3, -11, 0, -12, -2, -12, -4, -10]"
CSI_DATA,42409,2023-11-13 21:23:26.558,1,stand,d4:da:21:98:07:d9,-29,11,0,0,0,0,0,0,0,0,0,-99,0,12,2,522464895,0,37,0,104,0,"[-20, 6, -17, 5, -14, 3, -11, 0, -8, -4, -5, -8, -3, -12, -3, -16, -2, -20, -2, -23, -3, -26, -3, -26, -4, -24, -4, -24, -3, -21, -1, -19, 2, -16, 5, -14, 9, -12, 14, -11, 18, -10, 22, -10, 25, -11, 28, -11, 29, -11, 26, -12, 19, -9, 14, -7, 9, -4, 4, 0, 0, 4, -2, 9, -4, 13, -4, 16, -3, 19, -2, 21, 0, 22, 3, 20, 5, 17, 7, 15, 8, 11, 8, 7, 8, 3, 6, -1, 5, -5, 2, -7, 0, -9, -3, -10, -5, -10, -7, -9, -9, -7, -9, -4]"
CSI_DATA,42410,2023-11-13 21:23:26.574,1,stand,d4:da:21:98:07:d9,-29,11,0,0,0,0,0,0,0,0,0,-99,0,12,2,522476898,0,37,0,104,0,"[-3, -19, -2, -16, -1, -13, 1, -10, 4, -6, 7, -3, 10, -1, 13, 0, 16, 1, 19, 2, 22, 2, 22, 2, 21, 1, 21, 1, 18, 1, 16, 3, 13, 4, 10, 7, 7, 10, 6, 14, 5, 17, 3, 21, 4, 23, 3, 26, 4, 26, 4, 25, 4, 18, 2, 13, 1, 8, -2, 3, -5, -1, -8, -4, -11, -6, -14, -7, -17, -7, -18, -6, -20, -4, -19, -2, -17, 1, -15, 3, -12, 5, -9, 6, -4, 6, -1, 6, 2, 5, 5, 3, 7, 1, 8, -1, 8, -2, 8, -4, 6, -6, 5, -7]"
CSI_DATA,42411,2023-11-13 21:23:26.589,1,stand,d4:da:21:98:07:d9,-29,11,0,0,0,0,0,0,0,0,0,-99,0,12,2,522484896,0,37,0,104,0,"[14, -14, 12, -11, 10, -8, 8, -5, 7, 0, 6, 4, 6, 9, 7, 12, 8, 16, 9, 18, 11, 20, 11, 21, 11, 19, 11, 19, 9, 16, 6, 16, 3, 14, -1, 13, -5, 13, -9, 13, -12, 14, -17, 16, -18, 17, -21, 19, -21, 19, -20, 19, -14, 14, -11, 10, -7, 6, -4, 1, -3, -4, -2, -9, -2, -13, -3, -16, -5, -18, -7, -19, -9, -19, -11, -17, -12, -14, -12, -11, -12, -7, -11, -4, -9, 0, -6, 3, -3, 5, 0, 6, 2, 7, 5, 7, 7, 5, 8, 4, 9, 2, 8, 0]"
CSI_DATA,42412,2023-11-13 21:23:26.589,1,stand,d4:da:21:98:07:d9,-29,11,0,0,0,0,0,0,0,0,0,-99,0,12,2,522493631,0,37,0,104,0,"[22, -3, 19, -2, 15, -1, 11, 1, 6, 5, 2, 8, 0, 12, -2, 16, -3, 20, -3, 24, -4, 27, -3, 27, -2, 26, -2, 25, -3, 21, -5, 20, -7, 16, -10, 12, -13, 9, -18, 7, -22, 6, -26, 4, -29, 5, -33, 4, -33, 5, -31, 6, -22, 4, -17, 3, -11, 1, -5, -2, 0, -6, 4, -9, 6, -13, 7, -17, 7, -20, 5, -22, 3, -24, 0, -22, -3, -20, -5, -18, -6, -14, -8, -10, -8, -5, -8, -1, -7, 3, -5, 6, -2, 9, 0, 10, 3, 10, 5, 9, 7, 8, 7, 5]"
CSI_DATA,42413,2023-11-13 21:23:26.621,1,stand,d4:da:21:98:07:d9,-29,11,0,0,0,0,0,0,0,0,0,-99,0,12,2,522513799,0,37,0,104,0,"[-9, 16, -8, 13, -7, 10, -7, 7, -7, 2, -8, -2, -9, -6, -11, -9, -13, -11, -15, -13, -17, -15, -18, -15, -17, -13, -17, -13, -14, -11, -12, -12, -9, -12, -6, -12, -2, -13, 2, -15, 4, -17, 7, -20, 8, -22, 10, -24, 10, -25, 9, -24, 6, -18, 4, -14, 3, -8, 2, -3, 3, 2, 4, 6, 6, 9, 8, 11, 10, 13, 12, 13, 14, 12, 14, 10, 14, 6, 13, 4, 11, 1, 9, -2, 7, -4, 3, -5, 0, -6, -3, -6, -6, -5, -8, -4, -9, -3, -9, -1, -9, 1, -8, 2]"
CSI_DATA,42414,2023-11-13 21:23:26.636,1,stand,d4:da:21:98:07:d9,-29,11,0,0,0,0,0,0,0,0,0,-99,0,12,2,522532916,0,37,0,104,0,"[1, 19, 1, 16, 0, 13, -2, 9, -5, 6, -8, 2, -11, 0, -14, -1, -18, -3, -21, -3, -24, -4, -24, -3, -23, -2, -23, -2, -20, -2, -18, -4, -15, -5, -12, -8, -10, -11, -8, -15, -7, -18, -6, -22, -6, -25, -6, -28, -6, -28, -7, -27, -6, -19, -5, -15, -2, -9, 1, -4, 4, -1, 7, 2, 11, 4, 13, 5, 16, 4, 18, 3, 19, 2, 18, -1, 16, -3, 15, -5, 11, -7, 7, -8, 3, -8, -1, -7, -4, -6, -6, -4, -8, -2, -9, 1, -9, 3, -8, 5, -7, 6, -5, 7]"
CSI_DATA,42415,2023-11-13 21:23:26.652,1,stand,d4:da:21:98:07:d9,-29,11,0,0,0,0,0,0,0,0,0,-99,0,12,2,522544900,0,37,0,104,0,"[-10, 18, -9, 15, -8, 12, -7, 8, -8, 3, -8, -2, -10, -6, -12, -9, -14, -13, -17, -15, -19, -16, -20, -16, -19, -15, -20, -15, -17, -13, -14, -14, -10, -13, -6, -14, -2, -15, 1, -17, 4, -20, 8, -23, 8, -25, 11, -28, 10, -28, 9, -27, 6, -20, 5, -15, 3, -10, 3, -3, 3, 2, 4, 6, 7, 10, 9, 12, 11, 14, 14, 13, 15, 12, 16, 10, 16, 6, 15, 4, 13, 1, 10, -2, 7, -5, 3, -6, 0, -7, -4, -7, -6, -6, -9, -5, -10, -3, -10, -1, -10, 2, -8, 3]"
CSI_DATA,42416,2023-11-13 21:23:26.652,1,stand,d4:da:21:98:07:d9,-29,11,0,0,0,0,0,0,0,0,0,-99,0,12,2,522556899,0,37,0,104,0,"[-21, -10, -18, -8, -14, -8, -9, -7, -4, -8, 1, -9, 5, -11, 8, -13, 12, -16, 13, -19, 15, -21, 15, -22, 13, -22, 13, -21, 12, -18, 13, -16, 12, -12, 13, -7, 15, -3, 18, 1, 20, 4, 23, 7, 26, 8, 29, 10, 29, 10, 28, 8, 21, 6, 15, 4, 9, 3, 3, 3, -2, 4, -7, 5, -12, 7, -14, 10, -15, 12, -15, 15, -14, 17, -11, 18, -7, 17, -5, 16, -1, 14, 2, 11, 4, 8, 6, 3, 6, 0, 6, -4, 5, -7, 4, -9, 2, -10, -1, -10, -3, -10, -5, -9]"
